Date,"Volatility of Returns (Session:All day, Interval:15m, Symbol:ZN)",ZScore wrt All Days,ZScore wrt Given Days
2024-11-03,3.75,-0.9324611441625016,-0.9324611441625016
2024-11-04,7.25,-0.2802239597940522,-0.2802239597940522
2024-11-05,23.25,2.7014317401760026,2.7014317401760026
2024-11-06,9.25,0.09248300270220465,0.09248300270220465
2024-11-07,17.25,1.583310852687232,1.583310852687232
2024-11-10,3.75,-0.9324611441625016,-0.9324611441625016
2024-11-11,6.25,-0.4665774410421806,-0.4665774410421806
2024-11-15,12.75,0.7447201870706541,0.7447201870706541
2024-11-17,3.25,-1.025637884786566,-1.025637884786566
2024-11-18,15.75,1.3037806308150393,1.3037806308150393
2024-11-19,9.75,0.18565974332626886,0.18565974332626886
2024-11-20,6.25,-0.4665774410421806,-0.4665774410421806
2024-11-21,7.0,-0.3268123301060843,-0.3268123301060843
2024-11-24,4.25,-0.8392844035384375,-0.8392844035384375
2024-11-25,11.5,0.5117783355104936,0.5117783355104936
2024-11-26,10.25,0.27883648395033306,0.27883648395033306
2024-11-29,5.75,-0.5597541816662448,-0.5597541816662448
2024-12-01,6.0,-0.5131658113542127,-0.5131658113542127
2024-12-02,11.25,0.46518996519846145,0.46518996519846145
2024-12-03,12.0,0.6049550761345578,0.6049550761345578
2024-12-04,13.5,0.8844852980067504,0.8844852980067504
2024-12-05,8.25,-0.09387047854592377,-0.09387047854592377
2024-12-08,5.25,-0.652930922290309,-0.652930922290309
2024-12-10,6.5,-0.4199890707301485,-0.4199890707301485
2024-12-13,8.25,-0.09387047854592377,-0.09387047854592377
2024-12-15,2.25,-1.2119913660346942,-1.2119913660346942
2024-12-16,7.0,-0.3268123301060843,-0.3268123301060843
2024-12-17,7.25,-0.2802239597940522,-0.2802239597940522
2024-12-18,19.5,2.002606185495521,2.002606185495521
2024-12-22,3.0,-1.072226255098598,-1.072226255098598
2024-12-23,6.75,-0.3734007004181164,-0.3734007004181164
2024-12-24,4.5,-0.7926960332264054,-0.7926960332264054
2024-12-25,3.25,-1.025637884786566,-1.025637884786566
2024-12-26,8.0,-0.14045884885795587,-0.14045884885795587
2024-12-27,5.75,-0.5597541816662448,-0.5597541816662448
2024-12-29,4.5,-0.7926960332264054,-0.7926960332264054
2024-12-30,10.25,0.27883648395033306,0.27883648395033306
2024-12-31,7.0,-0.3268123301060843,-0.3268123301060843
2025-01-01,7.25,-0.2802239597940522,-0.2802239597940522
2025-01-02,8.5,-0.047282108233891666,-0.047282108233891666
2025-01-03,7.25,-0.2802239597940522,-0.2802239597940522
2025-01-05,2.5,-1.1654029957226621,-1.1654029957226621
2025-01-06,7.5,-0.23363558948202007,-0.23363558948202007
2025-01-07,8.0,-0.14045884885795587,-0.14045884885795587
2025-01-08,7.5,-0.23363558948202007,-0.23363558948202007
2025-01-09,5.75,-0.5597541816662448,-0.5597541816662448
2025-01-12,4.5,-0.7926960332264054,-0.7926960332264054
2025-01-16,12.0,0.6049550761345578,0.6049550761345578
2025-01-17,7.254028320312273,-0.27947326828027763,-0.27947326828027763
2025-01-19,2.5,-1.1654029957226621,-1.1654029957226621
2025-01-20,13.75,0.9310736683187825,0.9310736683187825
2025-01-21,4.75,-0.7461076629143732,-0.7461076629143732
2025-01-22,7.0,-0.3268123301060843,-0.3268123301060843
2025-01-23,6.5,-0.4199890707301485,-0.4199890707301485
2025-01-26,11.5,0.5117783355104936,0.5117783355104936
2025-01-27,9.25,0.09248300270220465,0.09248300270220465
2025-01-28,7.75,-0.18704721916998798,-0.18704721916998798
2025-01-29,9.75,0.18565974332626886,0.18565974332626886
2025-02-02,9.5,0.13907137301423675,0.13907137301423675
2025-02-03,8.0,-0.14045884885795587,-0.14045884885795587
2025-02-04,9.5,0.13907137301423675,0.13907137301423675
2025-02-05,11.5,0.5117783355104936,0.5117783355104936
2025-02-06,5.0,-0.6995192926023411,-0.6995192926023411
2025-02-09,2.75,-1.1188146254106301,-1.1188146254106301
2025-02-11,6.25,-0.4665774410421806,-0.4665774410421806
2025-02-14,10.75,0.3720132245743973,0.3720132245743973
2025-02-16,2.75,-1.1188146254106301,-1.1188146254106301
2025-02-17,3.75,-0.9324611441625016,-0.9324611441625016
2025-02-18,6.25,-0.4665774410421806,-0.4665774410421806
2025-02-19,7.0,-0.3268123301060843,-0.3268123301060843
2025-02-20,5.0,-0.6995192926023411,-0.6995192926023411
2025-02-23,1.5,-1.3517564769707906,-1.3517564769707906
2025-02-24,9.75,0.18565974332626886,0.18565974332626886
2025-02-25,11.25,0.46518996519846145,0.46518996519846145
2025-02-26,10.75,0.3720132245743973,0.3720132245743973
2025-03-02,3.0,-1.072226255098598,-1.072226255098598
2025-03-03,17.0,1.5367224823752,1.5367224823752
2025-03-04,19.0,1.9094294448714566,1.9094294448714566
2025-03-05,16.0,1.3503690011270715,1.3503690011270715
2025-03-06,10.25,0.27883648395033306,0.27883648395033306
2025-03-09,4.0,-0.8858727738504695,-0.8858727738504695
2025-03-11,13.25,0.8378969276947184,0.8378969276947184
2025-03-16,3.5,-0.9790495144745337,-0.9790495144745337
2025-03-17,8.0,-0.14045884885795587,-0.14045884885795587
2025-03-18,7.5,-0.23363558948202007,-0.23363558948202007
2025-03-19,11.25,0.46518996519846145,0.46518996519846145
2025-03-20,8.5,-0.047282108233891666,-0.047282108233891666
2025-03-21,6.5,-0.4199890707301485,-0.4199890707301485
2025-03-23,3.0,-1.072226255098598,-1.072226255098598
2025-03-24,7.5,-0.23363558948202007,-0.23363558948202007
2025-03-25,8.0,-0.14045884885795587,-0.14045884885795587
2025-03-26,4.75,-0.7461076629143732,-0.7461076629143732
2025-03-30,5.75,-0.5597541816662448,-0.5597541816662448
2025-03-31,9.25,0.09248300270220465,0.09248300270220465
2025-04-01,6.25,-0.4665774410421806,-0.4665774410421806
2025-04-02,23.5,2.7480201104880346,2.7480201104880346
2025-04-03,17.25,1.583310852687232,1.583310852687232
2025-04-06,14.75,1.117427149566911,1.117427149566911
2025-04-07,38.25,5.496733958897929,5.496733958897929
2025-04-08,32.5,4.425201441721191,4.425201441721191
2025-04-09,19.5,2.002606185495521,2.002606185495521
2025-04-13,9.25,0.09248300270220465,0.09248300270220465
2025-04-15,11.5,0.5117783355104936,0.5117783355104936
2025-04-16,10.25,0.27883648395033306,0.27883648395033306
2025-04-17,6.25,-0.4665774410421806,-0.4665774410421806
2025-04-20,2.5,-1.1654029957226621,-1.1654029957226621
2025-04-21,9.75,0.18565974332626886,0.18565974332626886
2025-04-22,8.0,-0.14045884885795587,-0.14045884885795587
2025-04-23,11.5,0.5117783355104936,0.5117783355104936
2025-04-24,8.0,-0.14045884885795587,-0.14045884885795587
2025-04-27,2.25,-1.2119913660346942,-1.2119913660346942
2025-04-28,10.5,0.32542485426236517,0.32542485426236517
2025-04-29,9.75,0.18565974332626886,0.18565974332626886
2025-05-01,14.5,1.0708387792548788,1.0708387792548788
2025-05-04,3.5,-0.9790495144745337,-0.9790495144745337
2025-05-05,8.5,-0.047282108233891666,-0.047282108233891666
2025-05-06,8.5,-0.047282108233891666,-0.047282108233891666
2025-05-07,9.0,0.04589463239017254,0.04589463239017254
2025-05-09,5.005981445312727,-0.698404629445419,-0.698404629445419
2025-05-11,2.0,-1.2585797363467264,-1.2585797363467264
2025-05-14,11.25,0.46518996519846145,0.46518996519846145
2025-05-18,5.25,-0.652930922290309,-0.652930922290309
2025-05-19,12.0,0.6049550761345578,0.6049550761345578
2025-05-20,7.25,-0.2802239597940522,-0.2802239597940522
2025-05-21,10.25,0.27883648395033306,0.27883648395033306
2025-05-22,10.75,0.3720132245743973,0.3720132245743973
2025-05-23,10.5,0.32542485426236517,0.32542485426236517
2025-05-25,5.0,-0.6995192926023411,-0.6995192926023411
2025-05-26,7.0,-0.3268123301060843,-0.3268123301060843
2025-05-27,6.25,-0.4665774410421806,-0.4665774410421806
2025-05-28,10.75,0.3720132245743973,0.3720132245743973
2025-06-01,4.0,-0.8858727738504695,-0.8858727738504695
2025-06-02,6.25,-0.4665774410421806,-0.4665774410421806
2025-06-03,7.5,-0.23363558948202007,-0.23363558948202007
2025-06-04,13.25,0.8378969276947184,0.8378969276947184
2025-06-05,11.5,0.5117783355104936,0.5117783355104936
2025-06-08,2.75,-1.1188146254106301,-1.1188146254106301
