Date,"Volatility of Returns (Session:All day, Interval:1m, Symbol:ZB)",ZScore wrt All Days,ZScore wrt Given Days
2024-10-13,4.0,-1.1543864928950096,-1.1543864928950096
2024-10-14,14.5,-0.2661026729310528,-0.2661026729310528
2024-10-15,17.0,-0.05460652532058685,-0.05460652532058685
2024-10-16,10.0,-0.6467957386298915,-0.6467957386298915
2024-10-17,20.0,0.19918885181197227,0.19918885181197227
2024-10-18,15.0,-0.2238034434089596,-0.2238034434089596
2024-10-20,4.5,-1.1120872633729166,-1.1120872633729166
2024-10-21,32.0,1.2143703603422087,1.2143703603422087
2024-10-22,13.5,-0.35070113197523917,-0.35070113197523917
2024-10-23,9.0,-0.7313941976740779,-0.7313941976740779
2024-10-24,15.0,-0.2238034434089596,-0.2238034434089596
2024-10-25,18.0,0.02999193372359952,0.02999193372359952
2024-10-27,19.0,0.11459039276778589,0.11459039276778589
2024-10-28,16.0,-0.13920498436477322,-0.13920498436477322
2024-10-29,22.0,0.368385769900345,0.368385769900345
2024-11-03,8.0,-0.8159926567182643,-0.8159926567182643
2024-11-04,15.0,-0.2238034434089596,-0.2238034434089596
2024-11-05,50.0,2.7371426231375633,2.7371426231375633
2024-11-06,27.0,0.7913780651212768,0.7913780651212768
2024-11-07,29.0,0.9605749832096496,0.9605749832096496
2024-11-08,20.0,0.19918885181197227,0.19918885181197227
2024-11-10,8.5,-0.7736934271961711,-0.7736934271961711
2024-11-11,15.0,-0.2238034434089596,-0.2238034434089596
2024-11-12,30.5,1.087472671775929,1.087472671775929
2024-11-15,21.0,0.28378731085615866,0.28378731085615866
2024-11-17,4.5,-1.1120872633729166,-1.1120872633729166
2024-11-18,21.5,0.32608654037825185,0.32608654037825185
2024-11-19,17.0,-0.05460652532058685,-0.05460652532058685
2024-11-20,13.0,-0.39300036149733236,-0.39300036149733236
2024-11-21,14.5,-0.2661026729310528,-0.2661026729310528
2024-11-22,12.5,-0.43529959101942556,-0.43529959101942556
2024-11-24,9.5,-0.6890949681519847,-0.6890949681519847
2024-11-25,24.0,0.5375826879887178,0.5375826879887178
2024-11-26,10.5,-0.6044965091077983,-0.6044965091077983
2024-11-28,7.5,-0.8582918862403575,-0.8582918862403575
2024-11-29,13.0,-0.39300036149733236,-0.39300036149733236
2024-12-01,9.0,-0.7313941976740779,-0.7313941976740779
2024-12-02,19.5,0.15688962228987907,0.15688962228987907
2024-12-03,20.0,0.19918885181197227,0.19918885181197227
2024-12-04,21.5,0.32608654037825185,0.32608654037825185
2024-12-05,15.5,-0.1815042138868664,-0.1815042138868664
2024-12-08,5.0,-1.0697880338508234,-1.0697880338508234
2024-12-09,17.0,-0.05460652532058685,-0.05460652532058685
2024-12-10,15.5,-0.1815042138868664,-0.1815042138868664
2024-12-13,22.0,0.368385769900345,0.368385769900345
2024-12-15,2.5,-1.2812841814612892,-1.2812841814612892
2024-12-16,12.0,-0.4775988205415187,-0.4775988205415187
2024-12-17,16.0,-0.13920498436477322,-0.13920498436477322
2024-12-18,28.5,0.9182757536875564,0.9182757536875564
2024-12-22,4.0,-1.1543864928950096,-1.1543864928950096
2024-12-23,16.5,-0.09690575484268005,-0.09690575484268005
2024-12-24,12.0,-0.4775988205415187,-0.4775988205415187
2024-12-25,6.5,-0.9428903452845437,-0.9428903452845437
2024-12-26,15.5,-0.1815042138868664,-0.1815042138868664
2024-12-27,15.0,-0.2238034434089596,-0.2238034434089596
2024-12-29,3.0,-1.238984951939196,-1.238984951939196
2024-12-30,21.5,0.32608654037825185,0.32608654037825185
2024-12-31,18.0,0.02999193372359952,0.02999193372359952
2025-01-01,7.5,-0.8582918862403575,-0.8582918862403575
2025-01-02,18.0,0.02999193372359952,0.02999193372359952
2025-01-03,14.5,-0.2661026729310528,-0.2661026729310528
2025-01-05,7.5,-0.8582918862403575,-0.8582918862403575
2025-01-06,15.0,-0.2238034434089596,-0.2238034434089596
2025-01-07,20.0,0.19918885181197227,0.19918885181197227
2025-01-08,15.5,-0.1815042138868664,-0.1815042138868664
2025-01-09,12.0,-0.4775988205415187,-0.4775988205415187
2025-01-12,7.5,-0.8582918862403575,-0.8582918862403575
2025-01-13,11.0,-0.5621972795857051,-0.5621972795857051
2025-01-16,19.5,0.15688962228987907,0.15688962228987907
2025-01-17,12.5,-0.43529959101942556,-0.43529959101942556
2025-01-19,3.0,-1.238984951939196,-1.238984951939196
2025-01-20,25.5,0.6644803765549974,0.6644803765549974
2025-01-21,11.0,-0.5621972795857051,-0.5621972795857051
2025-01-22,12.0,-0.4775988205415187,-0.4775988205415187
2025-01-23,15.5,-0.1815042138868664,-0.1815042138868664
2025-01-24,8.5,-0.7736934271961711,-0.7736934271961711
2025-01-26,10.5,-0.6044965091077983,-0.6044965091077983
2025-01-27,18.0,0.02999193372359952,0.02999193372359952
2025-01-28,11.5,-0.5198980500636119,-0.5198980500636119
2025-01-29,17.0,-0.05460652532058685,-0.05460652532058685
2025-02-02,17.5,-0.012307295798493666,-0.012307295798493666
2025-02-03,18.5,0.07229116324569271,0.07229116324569271
2025-02-04,20.5,0.24148808133406546,0.24148808133406546
2025-02-05,26.5,0.7490788355991838,0.7490788355991838
2025-02-06,11.0,-0.5621972795857051,-0.5621972795857051
2025-02-09,4.5,-1.1120872633729166,-1.1120872633729166
2025-02-10,11.0,-0.5621972795857051,-0.5621972795857051
2025-02-11,14.5,-0.2661026729310528,-0.2661026729310528
2025-02-14,21.5,0.32608654037825185,0.32608654037825185
2025-02-16,5.5,-1.0274888043287302,-1.0274888043287302
2025-02-17,7.0,-0.9005911157624505,-0.9005911157624505
2025-02-18,11.5,-0.5198980500636119,-0.5198980500636119
2025-02-19,11.5,-0.5198980500636119,-0.5198980500636119
2025-02-20,9.5,-0.6890949681519847,-0.6890949681519847
2025-02-21,21.0,0.28378731085615866,0.28378731085615866
2025-02-23,4.0,-1.1543864928950096,-1.1543864928950096
2025-02-24,17.0,-0.05460652532058685,-0.05460652532058685
2025-02-25,23.0,0.4529842289445314,0.4529842289445314
2025-02-26,19.0,0.11459039276778589,0.11459039276778589
2025-03-02,7.5,-0.8582918862403575,-0.8582918862403575
2025-03-03,34.0,1.3835672784305815,1.3835672784305815
2025-03-04,35.5,1.510464966996861,1.510464966996861
2025-03-05,27.5,0.83367729464337,0.83367729464337
2025-03-06,19.0,0.11459039276778589,0.11459039276778589
2025-03-09,9.0,-0.7313941976740779,-0.7313941976740779
2025-03-10,28.0,0.8759765241654632,0.8759765241654632
2025-03-11,26.0,0.7067796060770906,0.7067796060770906
2025-03-14,14.5,-0.2661026729310528,-0.2661026729310528
2025-03-16,6.5,-0.9428903452845437,-0.9428903452845437
2025-03-17,16.5,-0.09690575484268005,-0.09690575484268005
2025-03-18,21.0,0.28378731085615866,0.28378731085615866
2025-03-19,22.5,0.4106849994224382,0.4106849994224382
2025-03-20,19.0,0.11459039276778589,0.11459039276778589
2025-03-21,13.0,-0.39300036149733236,-0.39300036149733236
2025-03-23,5.0,-1.0697880338508234,-1.0697880338508234
2025-03-24,14.0,-0.30840190245314597,-0.30840190245314597
2025-03-25,15.0,-0.2238034434089596,-0.2238034434089596
2025-03-26,10.504028320312273,-0.6041557194168437,-0.6041557194168437
2025-03-30,10.5,-0.6044965091077983,-0.6044965091077983
2025-03-31,15.5,-0.1815042138868664,-0.1815042138868664
2025-04-01,16.5,-0.09690575484268005,-0.09690575484268005
2025-04-02,41.0,1.9757564917398862,1.9757564917398862
2025-04-03,21.5,0.32608654037825185,0.32608654037825185
2025-04-04,28.5,0.9182757536875564,0.9182757536875564
2025-04-06,27.0,0.7913780651212768,0.7913780651212768
2025-04-07,76.0,4.936702558286409,4.936702558286409
2025-04-08,95.5,6.586372509648044,6.586372509648044
2025-04-09,77.0,5.021301017330595,5.021301017330595
2025-04-13,15.5,-0.1815042138868664,-0.1815042138868664
2025-04-14,29.5,1.002874212731743,1.002874212731743
2025-04-15,20.5,0.24148808133406546,0.24148808133406546
2025-04-16,17.5,-0.012307295798493666,-0.012307295798493666
2025-04-17,16.0,-0.13920498436477322,-0.13920498436477322
2025-04-20,10.5,-0.6044965091077983,-0.6044965091077983
2025-04-21,21.5,0.32608654037825185,0.32608654037825185
2025-04-22,32.5,1.2566695898643019,1.2566695898643019
2025-04-23,23.5,0.4952834584666246,0.4952834584666246
2025-04-24,14.5,-0.2661026729310528,-0.2661026729310528
2025-04-25,19.5,0.15688962228987907,0.15688962228987907
2025-04-27,7.5,-0.8582918862403575,-0.8582918862403575
2025-04-28,17.5,-0.012307295798493666,-0.012307295798493666
2025-04-29,21.5,0.32608654037825185,0.32608654037825185
2025-05-01,24.5,0.579881917510811,0.579881917510811
2025-05-04,9.5,-0.6890949681519847,-0.6890949681519847
2025-05-05,17.5,-0.012307295798493666,-0.012307295798493666
2025-05-06,17.0,-0.05460652532058685,-0.05460652532058685
2025-05-07,15.0,-0.2238034434089596,-0.2238034434089596
2025-05-08,21.5,0.32608654037825185,0.32608654037825185
2025-05-09,10.5,-0.6044965091077983,-0.6044965091077983
2025-05-11,4.0,-1.1543864928950096,-1.1543864928950096
2025-05-12,15.0,-0.2238034434089596,-0.2238034434089596
2025-05-14,19.5,0.15688962228987907,0.15688962228987907
2025-05-16,24.0,0.5375826879887178,0.5375826879887178
2025-05-18,12.0,-0.4775988205415187,-0.4775988205415187
2025-05-19,28.5,0.9182757536875564,0.9182757536875564
2025-05-20,23.0,0.4529842289445314,0.4529842289445314
2025-05-21,26.5,0.7490788355991838,0.7490788355991838
2025-05-22,25.0,0.6221811470329042,0.6221811470329042
2025-05-23,20.0,0.19918885181197227,0.19918885181197227
2025-05-25,8.5,-0.7736934271961711,-0.7736934271961711
2025-05-26,19.0,0.11459039276778589,0.11459039276778589
2025-05-27,15.0,-0.2238034434089596,-0.2238034434089596
2025-05-28,21.5,0.32608654037825185,0.32608654037825185
2025-06-01,16.0,-0.13920498436477322,-0.13920498436477322
2025-06-02,13.5,-0.35070113197523917,-0.35070113197523917
