Date,"Volatility of Returns (Session:All day, Interval:1h, Symbol:ZN)",ZScore wrt All Days,ZScore wrt Given Days
2022-12-20,7.5,-0.2704829915136136,-0.2704829915136136
2022-12-21,11.0,0.4058963988299329,0.4058963988299329
2022-12-27,12.75,0.7440860940017061,0.7440860940017061
2022-12-28,9.0,0.019393890062192057,0.019393890062192057
2022-12-29,6.5,-0.463734245897484,-0.463734245897484
2022-12-30,9.25,0.06770670365815966,0.06770670365815966
2023-01-03,9.25,0.06770670365815966,0.06770670365815966
2023-01-04,7.0,-0.3671086187055488,-0.3671086187055488
2023-01-05,10.25,0.2609579580420301,0.2609579580420301
2023-01-08,2.75,-1.188426449836998,-1.188426449836998
2023-01-09,11.25,0.4542092124259005,0.4542092124259005
2023-01-10,11.5,0.5025220260218681,0.5025220260218681
2023-01-11,8.5,-0.07723173712974316,-0.07723173712974316
2023-01-13,11.75,0.5508348396178357,0.5508348396178357
2023-01-15,3.0,-1.1401136362410305,-1.1401136362410305
2023-01-17,13.25,0.8407117211936413,0.8407117211936413
2023-01-19,13.5,0.889024534789609,0.889024534789609
2023-01-20,11.0,0.4058963988299329,0.4058963988299329
2023-01-22,3.0,-1.1401136362410305,-1.1401136362410305
2023-01-23,10.0,0.21264514444606247,0.21264514444606247
2023-01-24,11.25,0.4542092124259005,0.4542092124259005
2023-01-25,7.75,-0.22217017791764598,-0.22217017791764598
2023-01-29,3.75,-0.9951751954531277,-0.9951751954531277
2023-01-30,9.75,0.16433233085009488,0.16433233085009488
2023-01-31,7.75,-0.22217017791764598,-0.22217017791764598
2023-02-01,16.5,1.4687782979412203,1.4687782979412203
2023-02-02,11.0,0.4058963988299329,0.4058963988299329
2023-02-05,4.25,-0.8985495682611925,-0.8985495682611925
2023-02-06,16.0,1.372152670749285,1.372152670749285
2023-02-07,11.25,0.4542092124259005,0.4542092124259005
2023-02-08,6.5,-0.463734245897484,-0.463734245897484
2023-02-09,13.0,0.7923989075976737,0.7923989075976737
2023-02-10,9.5,0.11601951725412726,0.11601951725412726
2023-02-12,2.75,-1.188426449836998,-1.188426449836998
2023-02-13,6.25,-0.5120470594934516,-0.5120470594934516
2023-02-15,10.25,0.2609579580420301,0.2609579580420301
2023-02-17,13.0,0.7923989075976737,0.7923989075976737
2023-02-19,3.25,-1.0918008226450628,-1.0918008226450628
2023-02-21,14.25,1.0339629755775117,1.0339629755775117
2023-02-22,7.5,-0.2704829915136136,-0.2704829915136136
2023-02-26,3.0,-1.1401136362410305,-1.1401136362410305
2023-02-27,17.25,1.6137167387291231,1.6137167387291231
2023-02-28,15.75,1.3238398571533174,1.3238398571533174
2023-03-01,20.75,2.2900961290726696,2.2900961290726696
2023-03-02,15.5,1.2755270435573498,1.2755270435573498
2023-03-03,15.5,1.2755270435573498,1.2755270435573498
2023-03-05,10.5,0.3092707716379977,0.3092707716379977
2023-03-06,15.75,1.3238398571533174,1.3238398571533174
2023-03-07,12.25,0.647460466809771,0.647460466809771
2023-03-08,12.25,0.647460466809771,0.647460466809771
2023-03-09,27.25,3.5462292825678268,3.5462292825678268
2023-03-12,21.5,2.4350345698605724,2.4350345698605724
2023-03-13,36.0,5.237177758426693,5.237177758426693
2023-03-16,31.75,4.4158599272952435,4.4158599272952435
2023-03-17,27.75,3.642854909759762,3.642854909759762
2023-03-19,13.75,0.9373373483855766,0.9373373483855766
2023-03-20,31.25,4.319234300103308,4.319234300103308
2023-03-21,22.25,2.5799730106484753,2.5799730106484753
2023-03-22,28.75,3.8361061641436325,3.8361061641436325
2023-03-23,19.5,2.0485320610928315,2.0485320610928315
2023-03-24,18.0,1.7586551795170258,1.7586551795170258
2023-03-26,5.0,-0.7536111274732896,-0.7536111274732896
2023-03-27,20.5,2.241783315476702,2.241783315476702
2023-03-28,11.25,0.4542092124259005,0.4542092124259005
2023-03-29,10.5,0.3092707716379977,0.3092707716379977
2023-04-02,6.5,-0.463734245897484,-0.463734245897484
2023-04-03,17.75,1.7103423659210584,1.7103423659210584
2023-04-04,19.25,2.000219247496864,2.000219247496864
2023-04-05,14.75,1.130588602769447,1.130588602769447
2023-04-06,9.0,0.019393890062192057,0.019393890062192057
2023-04-09,2.25,-1.2850520770289333,-1.2850520770289333
2023-04-10,9.75,0.16433233085009488,0.16433233085009488
2023-04-11,9.0,0.019393890062192057,0.019393890062192057
2023-04-14,16.0,1.372152670749285,1.372152670749285
2023-04-16,2.5,-1.2367392634329657,-1.2367392634329657
2023-04-17,11.5,0.5025220260218681,0.5025220260218681
2023-04-18,6.75,-0.4154214323015164,-0.4154214323015164
2023-04-19,8.0,-0.17385736432167836,-0.17385736432167836
2023-04-20,9.0,0.019393890062192057,0.019393890062192057
2023-04-21,9.25,0.06770670365815966,0.06770670365815966
2023-04-23,1.75,-1.3816777042208686,-1.3816777042208686
2023-04-24,11.25,0.4542092124259005,0.4542092124259005
2023-04-25,12.5,0.6957732804057385,0.6957732804057385
2023-04-26,10.25,0.2609579580420301,0.2609579580420301
2023-04-30,3.5,-1.0434880090490952,-1.0434880090490952
2023-05-01,15.25,1.2272142299613822,1.2272142299613822
2023-05-02,19.5,2.0485320610928315,2.0485320610928315
2023-05-03,20.0,2.1451576882847667,2.1451576882847667
2023-05-04,16.5,1.4687782979412203,1.4687782979412203
2023-05-07,3.5,-1.0434880090490952,-1.0434880090490952
2023-05-08,11.0,0.4058963988299329,0.4058963988299329
2023-05-09,6.5,-0.463734245897484,-0.463734245897484
2023-05-12,13.004028320312273,0.7931773855510804,0.7931773855510804
2023-05-14,2.0,-1.333364890624901,-1.333364890624901
2023-05-15,5.25,-0.705298313877322,-0.705298313877322
2023-05-16,13.75,0.9373373483855766,0.9373373483855766
2023-05-17,9.75,0.16433233085009488,0.16433233085009488
2023-05-18,13.0,0.7923989075976737,0.7923989075976737
2023-05-19,12.25,0.647460466809771,0.647460466809771
2023-05-21,3.75,-0.9951751954531277,-0.9951751954531277
2023-05-22,9.75,0.16433233085009488,0.16433233085009488
2023-05-23,9.75,0.16433233085009488,0.16433233085009488
2023-05-24,11.0,0.4058963988299329,0.4058963988299329
2023-05-28,4.75,-0.8019239410692572,-0.8019239410692572
2023-05-30,26.0,3.304665214587989,3.304665214587989
2023-05-31,7.75,-0.22217017791764598,-0.22217017791764598
2023-06-01,13.0,0.7923989075976737,0.7923989075976737
2023-06-04,3.5,-1.0434880090490952,-1.0434880090490952
2023-06-05,11.0,0.4058963988299329,0.4058963988299329
2023-06-06,10.0,0.21264514444606247,0.21264514444606247
2023-06-07,16.5,1.4687782979412203,1.4687782979412203
2023-06-08,13.5,0.889024534789609,0.889024534789609
2023-06-09,8.25,-0.12554455072571077,-0.12554455072571077
2023-06-11,3.25,-1.0918008226450628,-1.0918008226450628
2023-06-12,9.5,0.11601951725412726,0.11601951725412726
2023-06-15,17.0,1.5654039251331555,1.5654039251331555
2023-06-16,11.25,0.4542092124259005,0.4542092124259005
2023-06-18,2.0,-1.333364890624901,-1.333364890624901
2023-06-20,10.75,0.3575835852339653,0.3575835852339653
2023-06-21,9.0,0.019393890062192057,0.019393890062192057
2023-06-22,11.75,0.5508348396178357,0.5508348396178357
2023-06-23,12.75,0.7440860940017061,0.7440860940017061
2023-06-25,2.25,-1.2850520770289333,-1.2850520770289333
2023-06-26,6.75,-0.4154214323015164,-0.4154214323015164
2023-06-27,10.25,0.2609579580420301,0.2609579580420301
2023-06-28,7.5,-0.2704829915136136,-0.2704829915136136
2023-07-02,2.5,-1.2367392634329657,-1.2367392634329657
2023-07-03,10.0,0.21264514444606247,0.21264514444606247
2023-07-05,15.0,1.1789014163654146,1.1789014163654146
2023-07-06,16.25,1.4204654843452527,1.4204654843452527
2023-07-09,3.0,-1.1401136362410305,-1.1401136362410305
2023-07-10,13.5,0.889024534789609,0.889024534789609
2023-07-11,6.0,-0.5603598730894193,-0.5603598730894193
2023-07-14,9.5,0.11601951725412726,0.11601951725412726
2023-07-16,3.0,-1.1401136362410305,-1.1401136362410305
2023-07-17,8.0,-0.17385736432167836,-0.17385736432167836
2023-07-18,9.5,0.11601951725412726,0.11601951725412726
2023-07-19,8.75,-0.02891892353377555,-0.02891892353377555
2023-07-20,14.0,0.9856501619815442,0.9856501619815442
2023-07-21,5.75,-0.6086726866853869,-0.6086726866853869
2023-07-23,2.5,-1.2367392634329657,-1.2367392634329657
2023-07-24,10.75,0.3575835852339653,0.3575835852339653
2023-07-25,7.25,-0.31879580510958117,-0.31879580510958117
2023-07-26,8.25,-0.12554455072571077,-0.12554455072571077
2023-07-30,4.5,-0.8502367546652249,-0.8502367546652249
2023-07-31,9.0,0.019393890062192057,0.019393890062192057
2023-08-01,10.75,0.3575835852339653,0.3575835852339653
2023-08-02,12.25,0.647460466809771,0.647460466809771
2023-08-03,8.0,-0.17385736432167836,-0.17385736432167836
2023-08-06,3.5,-1.0434880090490952,-1.0434880090490952
2023-08-07,8.5,-0.07723173712974316,-0.07723173712974316
2023-08-08,8.0,-0.17385736432167836,-0.17385736432167836
2023-08-09,5.5,-0.6569855002813544,-0.6569855002813544
2023-08-13,3.5,-1.0434880090490952,-1.0434880090490952
2023-08-14,8.75,-0.02891892353377555,-0.02891892353377555
2023-08-15,13.75,0.9373373483855766,0.9373373483855766
2023-08-16,14.75,1.130588602769447,1.130588602769447
2023-08-17,9.25,0.06770670365815966,0.06770670365815966
2023-08-18,6.75,-0.4154214323015164,-0.4154214323015164
2023-08-20,4.25,-0.8985495682611925,-0.8985495682611925
2023-08-21,10.2559814453125,0.2621138798516992,0.2621138798516992
2023-08-22,6.5,-0.463734245897484,-0.463734245897484
2023-08-23,13.5,0.889024534789609,0.889024534789609
2023-08-24,8.5,-0.07723173712974316,-0.07723173712974316
2023-08-25,6.5,-0.463734245897484,-0.463734245897484
2023-08-27,3.25,-1.0918008226450628,-1.0918008226450628
2023-08-28,8.0,-0.17385736432167836,-0.17385736432167836
2023-08-29,15.75,1.3238398571533174,1.3238398571533174
2023-09-03,8.75,-0.02891892353377555,-0.02891892353377555
2023-09-05,13.25,0.8407117211936413,0.8407117211936413
2023-09-06,14.75,1.130588602769447,1.130588602769447
2023-09-07,16.5,1.4687782979412203,1.4687782979412203
2023-09-08,13.0,0.7923989075976737,0.7923989075976737
2023-09-10,8.5,-0.07723173712974316,-0.07723173712974316
2023-09-11,9.5,0.11601951725412726,0.11601951725412726
2023-09-12,8.75,-0.02891892353377555,-0.02891892353377555
2023-09-15,11.5,0.5025220260218681,0.5025220260218681
2023-09-17,9.0,0.019393890062192057,0.019393890062192057
2023-09-18,11.0,0.4058963988299329,0.4058963988299329
2023-09-19,7.75,-0.22217017791764598,-0.22217017791764598
2023-09-20,16.5,1.4687782979412203,1.4687782979412203
2023-09-21,8.0,-0.17385736432167836,-0.17385736432167836
2023-09-22,8.0,-0.17385736432167836,-0.17385736432167836
2023-09-24,3.5,-1.0434880090490952,-1.0434880090490952
2023-09-25,9.75,0.16433233085009488,0.16433233085009488
2023-09-26,8.0,-0.17385736432167836,-0.17385736432167836
2023-09-27,16.75,1.517091111537188,1.517091111537188
2023-10-01,4.0,-0.9468623818571601,-0.9468623818571601
2023-10-02,10.75,0.3575835852339653,0.3575835852339653
2023-10-03,17.75,1.7103423659210584,1.7103423659210584
2023-10-04,18.75,1.9035936203049286,1.9035936203049286
2023-10-05,7.5,-0.2704829915136136,-0.2704829915136136
2023-10-08,9.0,0.019393890062192057,0.019393890062192057
2023-10-09,13.25,0.8407117211936413,0.8407117211936413
2023-10-10,10.5,0.3092707716379977,0.3092707716379977
2023-10-13,8.75,-0.02891892353377555,-0.02891892353377555
2023-10-15,4.25,-0.8985495682611925,-0.8985495682611925
2023-10-16,10.5,0.3092707716379977,0.3092707716379977
2023-10-17,15.75,1.3238398571533174,1.3238398571533174
2023-10-18,15.5,1.2755270435573498,1.2755270435573498
2023-10-19,6.25,-0.5120470594934516,-0.5120470594934516
2023-10-20,11.25,0.4542092124259005,0.4542092124259005
2023-10-22,5.5,-0.6569855002813544,-0.6569855002813544
2023-10-23,17.75,1.7103423659210584,1.7103423659210584
2023-10-24,9.75,0.16433233085009488,0.16433233085009488
2023-10-25,15.0,1.1789014163654146,1.1789014163654146
2023-10-29,4.25,-0.8985495682611925,-0.8985495682611925
2023-10-30,7.5,-0.2704829915136136,-0.2704829915136136
2023-10-31,12.75,0.7440860940017061,0.7440860940017061
2023-11-01,24.0,2.9181627058202486,2.9181627058202486
2023-11-02,12.75,0.7440860940017061,0.7440860940017061
2023-11-05,2.0,-1.333364890624901,-1.333364890624901
2023-11-06,10.75,0.3575835852339653,0.3575835852339653
2023-11-07,10.75,0.3575835852339653,0.3575835852339653
2023-11-08,11.25,0.4542092124259005,0.4542092124259005
2023-11-09,18.25,1.8069679931129934,1.8069679931129934
2023-11-10,10.5,0.3092707716379977,0.3092707716379977
2023-11-12,2.25,-1.2850520770289333,-1.2850520770289333
2023-11-13,7.5,-0.2704829915136136,-0.2704829915136136
2023-11-16,8.75,-0.02891892353377555,-0.02891892353377555
2023-11-17,10.75,0.3575835852339653,0.3575835852339653
2023-11-19,3.25,-1.0918008226450628,-1.0918008226450628
2023-11-20,9.0,0.019393890062192057,0.019393890062192057
2023-11-21,6.0,-0.5603598730894193,-0.5603598730894193
2023-11-22,10.75,0.3575835852339653,0.3575835852339653
2023-11-23,7.75,-0.22217017791764598,-0.22217017791764598
2023-11-24,2.0,-1.333364890624901,-1.333364890624901
2023-11-26,3.75,-0.9951751954531277,-0.9951751954531277
2023-11-27,12.25,0.647460466809771,0.647460466809771
2023-11-28,17.5,1.6620295523250908,1.6620295523250908
2023-12-01,17.5,1.6620295523250908,1.6620295523250908
2023-12-03,6.5,-0.463734245897484,-0.463734245897484
2023-12-04,7.5,-0.2704829915136136,-0.2704829915136136
2023-12-05,9.75,0.16433233085009488,0.16433233085009488
2023-12-06,10.5,0.3092707716379977,0.3092707716379977
2023-12-07,9.0,0.019393890062192057,0.019393890062192057
2023-12-10,2.25,-1.2850520770289333,-1.2850520770289333
2023-12-11,7.75,-0.22217017791764598,-0.22217017791764598
2023-12-14,10.75,0.3575835852339653,0.3575835852339653
2023-12-15,10.0,0.21264514444606247,0.21264514444606247
2023-12-17,3.0,-1.1401136362410305,-1.1401136362410305
2023-12-18,7.75,-0.22217017791764598,-0.22217017791764598
2023-12-19,5.5,-0.6569855002813544,-0.6569855002813544
2023-12-20,7.75,-0.22217017791764598,-0.22217017791764598
2023-12-26,3.25,-1.0918008226450628,-1.0918008226450628
2023-12-27,11.25,0.4542092124259005,0.4542092124259005
2023-12-28,6.75,-0.4154214323015164,-0.4154214323015164
2023-12-29,7.0,-0.3671086187055488,-0.3671086187055488
2024-01-02,6.75,-0.4154214323015164,-0.4154214323015164
2024-01-03,10.75,0.3575835852339653,0.3575835852339653
2024-01-04,11.75,0.5508348396178357,0.5508348396178357
2024-01-07,3.75,-0.9951751954531277,-0.9951751954531277
2024-01-08,11.0,0.4058963988299329,0.4058963988299329
2024-01-09,6.0,-0.5603598730894193,-0.5603598730894193
2024-01-10,7.0,-0.3671086187055488,-0.3671086187055488
2024-01-14,2.5,-1.2367392634329657,-1.2367392634329657
2024-01-16,10.5,0.3092707716379977,0.3092707716379977
2024-01-17,10.75,0.3575835852339653,0.3575835852339653
2024-01-18,10.0,0.21264514444606247,0.21264514444606247
2024-01-19,7.75,-0.22217017791764598,-0.22217017791764598
2024-01-21,3.75,-0.9951751954531277,-0.9951751954531277
2024-01-22,7.25,-0.31879580510958117,-0.31879580510958117
2024-01-23,6.5,-0.463734245897484,-0.463734245897484
2024-01-24,12.0,0.5991476532138034,0.5991476532138034
2024-01-28,2.75,-1.188426449836998,-1.188426449836998
2024-01-29,9.0,0.019393890062192057,0.019393890062192057
2024-01-30,8.25,-0.12554455072571077,-0.12554455072571077
2024-01-31,13.5,0.889024534789609,0.889024534789609
2024-02-01,14.5,1.0822757891734793,1.0822757891734793
2024-02-04,7.5,-0.2704829915136136,-0.2704829915136136
2024-02-05,11.5,0.5025220260218681,0.5025220260218681
2024-02-06,10.25,0.2609579580420301,0.2609579580420301
2024-02-07,7.75,-0.22217017791764598,-0.22217017791764598
2024-02-08,7.5,-0.2704829915136136,-0.2704829915136136
2024-02-11,1.75,-1.3816777042208686,-1.3816777042208686
2024-02-12,5.0,-0.7536111274732896,-0.7536111274732896
2024-02-15,8.5,-0.07723173712974316,-0.07723173712974316
2024-02-18,2.0,-1.333364890624901,-1.333364890624901
2024-02-20,7.5,-0.2704829915136136,-0.2704829915136136
2024-02-21,8.75,-0.02891892353377555,-0.02891892353377555
2024-02-22,7.0,-0.3671086187055488,-0.3671086187055488
2024-02-23,11.0,0.4058963988299329,0.4058963988299329
2024-02-25,4.25,-0.8985495682611925,-0.8985495682611925
2024-02-26,9.0,0.019393890062192057,0.019393890062192057
2024-02-27,6.5,-0.463734245897484,-0.463734245897484
2024-03-01,22.25,2.5799730106484753,2.5799730106484753
2024-03-03,2.75,-1.188426449836998,-1.188426449836998
2024-03-04,4.5,-0.8502367546652249,-0.8502367546652249
2024-03-05,8.25,-0.12554455072571077,-0.12554455072571077
2024-03-06,10.25,0.2609579580420301,0.2609579580420301
2024-03-07,7.5,-0.2704829915136136,-0.2704829915136136
2024-03-10,3.5,-1.0434880090490952,-1.0434880090490952
2024-03-11,7.0,-0.3671086187055488,-0.3671086187055488
2024-03-13,7.75,-0.22217017791764598,-0.22217017791764598
2024-03-15,6.0,-0.5603598730894193,-0.5603598730894193
2024-03-17,3.0,-1.1401136362410305,-1.1401136362410305
2024-03-18,6.5,-0.463734245897484,-0.463734245897484
2024-03-19,5.75,-0.6086726866853869,-0.6086726866853869
2024-03-20,6.25,-0.5120470594934516,-0.5120470594934516
2024-03-21,9.0,0.019393890062192057,0.019393890062192057
2024-03-22,5.0,-0.7536111274732896,-0.7536111274732896
2024-03-24,2.75,-1.188426449836998,-1.188426449836998
2024-03-25,5.5,-0.6569855002813544,-0.6569855002813544
2024-03-26,4.75,-0.8019239410692572,-0.8019239410692572
2024-03-27,5.75,-0.6086726866853869,-0.6086726866853869
2024-03-31,2.5,-1.2367392634329657,-1.2367392634329657
2024-04-01,16.75,1.517091111537188,1.517091111537188
2024-04-02,10.0,0.21264514444606247,0.21264514444606247
2024-04-03,10.0,0.21264514444606247,0.21264514444606247
2024-04-04,9.0,0.019393890062192057,0.019393890062192057
2024-04-07,2.75,-1.188426449836998,-1.188426449836998
2024-04-08,5.5,-0.6569855002813544,-0.6569855002813544
2024-04-09,6.75,-0.4154214323015164,-0.4154214323015164
2024-04-12,10.75,0.3575835852339653,0.3575835852339653
2024-04-14,5.75,-0.6086726866853869,-0.6086726866853869
2024-04-15,13.25,0.8407117211936413,0.8407117211936413
2024-04-16,8.75,-0.02891892353377555,-0.02891892353377555
2024-04-17,12.75,0.7440860940017061,0.7440860940017061
2024-04-18,17.0,1.5654039251331555,1.5654039251331555
2024-04-19,9.0,0.019393890062192057,0.019393890062192057
2024-04-21,4.0,-0.9468623818571601,-0.9468623818571601
2024-04-22,6.5,-0.463734245897484,-0.463734245897484
2024-04-23,8.75,-0.02891892353377555,-0.02891892353377555
2024-04-24,5.0,-0.7536111274732896,-0.7536111274732896
2024-04-28,2.5,-1.2367392634329657,-1.2367392634329657
2024-04-29,6.25,-0.5120470594934516,-0.5120470594934516
2024-04-30,9.75,0.16433233085009488,0.16433233085009488
2024-05-01,13.0,0.7923989075976737,0.7923989075976737
2024-05-02,9.5,0.11601951725412726,0.11601951725412726
2024-05-05,1.5,-1.4299905178168362,-1.4299905178168362
2024-05-06,4.75,-0.8019239410692572,-0.8019239410692572
2024-05-07,6.0,-0.5603598730894193,-0.5603598730894193
2024-05-08,5.5,-0.6569855002813544,-0.6569855002813544
2024-05-09,7.75,-0.22217017791764598,-0.22217017791764598
2024-05-10,7.0,-0.3671086187055488,-0.3671086187055488
2024-05-12,1.25,-1.4783033314128038,-1.4783033314128038
2024-05-13,3.25,-1.0918008226450628,-1.0918008226450628
2024-05-16,8.25,-0.12554455072571077,-0.12554455072571077
2024-05-17,6.5040283203125,-0.46295576794403337,-0.46295576794403337
2024-05-19,2.0,-1.333364890624901,-1.333364890624901
2024-05-20,4.75,-0.8019239410692572,-0.8019239410692572
2024-05-21,5.0,-0.7536111274732896,-0.7536111274732896
2024-05-22,5.5,-0.6569855002813544,-0.6569855002813544
2024-05-23,10.0,0.21264514444606247,0.21264514444606247
2024-05-24,4.75,-0.8019239410692572,-0.8019239410692572
2024-05-26,1.25,-1.4783033314128038,-1.4783033314128038
2024-05-28,13.0,0.7923989075976737,0.7923989075976737
2024-05-29,7.75,-0.22217017791764598,-0.22217017791764598
2024-06-02,1.75,-1.3816777042208686,-1.3816777042208686
2024-06-03,12.0,0.5991476532138034,0.5991476532138034
2024-06-04,11.0,0.4058963988299329,0.4058963988299329
2024-06-05,9.0,0.019393890062192057,0.019393890062192057
2024-06-06,5.0,-0.7536111274732896,-0.7536111274732896
2024-06-09,2.25,-1.2850520770289333,-1.2850520770289333
2024-06-10,3.25,-1.0918008226450628,-1.0918008226450628
2024-06-11,7.0,-0.3671086187055488,-0.3671086187055488
2024-06-14,9.25,0.06770670365815966,0.06770670365815966
2024-06-16,2.75,-1.188426449836998,-1.188426449836998
2024-06-17,7.5,-0.2704829915136136,-0.2704829915136136
2024-06-18,9.75,0.16433233085009488,0.16433233085009488
2024-06-20,7.25,-0.31879580510958117,-0.31879580510958117
2024-06-21,6.75,-0.4154214323015164,-0.4154214323015164
2024-06-23,2.25,-1.2850520770289333,-1.2850520770289333
2024-06-24,5.25,-0.705298313877322,-0.705298313877322
2024-06-25,6.75,-0.4154214323015164,-0.4154214323015164
2024-06-26,9.25,0.06770670365815966,0.06770670365815966
2024-06-30,4.5,-0.8502367546652249,-0.8502367546652249
2024-07-01,10.75,0.3575835852339653,0.3575835852339653
2024-07-02,4.5,-0.8502367546652249,-0.8502367546652249
2024-07-03,7.75,-0.22217017791764598,-0.22217017791764598
2024-07-07,4.5,-0.8502367546652249,-0.8502367546652249
2024-07-08,5.25,-0.705298313877322,-0.705298313877322
2024-07-09,5.25,-0.705298313877322,-0.705298313877322
2024-07-10,4.5,-0.8502367546652249,-0.8502367546652249
2024-07-14,3.75,-0.9951751954531277,-0.9951751954531277
2024-07-15,4.5,-0.8502367546652249,-0.8502367546652249
2024-07-16,6.5,-0.463734245897484,-0.463734245897484
2024-07-17,5.25,-0.705298313877322,-0.705298313877322
2024-07-18,7.5,-0.2704829915136136,-0.2704829915136136
2024-07-19,7.25,-0.31879580510958117,-0.31879580510958117
2024-07-21,2.0,-1.333364890624901,-1.333364890624901
2024-07-22,7.25,-0.31879580510958117,-0.31879580510958117
2024-07-23,4.0,-0.9468623818571601,-0.9468623818571601
2024-07-24,8.25,-0.12554455072571077,-0.12554455072571077
2024-07-28,3.25,-1.0918008226450628,-1.0918008226450628
2024-07-29,4.25,-0.8985495682611925,-0.8985495682611925
2024-07-30,6.5,-0.463734245897484,-0.463734245897484
2024-07-31,13.25,0.8407117211936413,0.8407117211936413
2024-08-01,15.25,1.2272142299613822,1.2272142299613822
2024-08-04,12.75,0.7440860940017061,0.7440860940017061
2024-08-05,24.5,3.0147883330121834,3.0147883330121834
2024-08-06,11.25,0.4542092124259005,0.4542092124259005
2024-08-07,10.0,0.21264514444606247,0.21264514444606247
2024-08-08,14.5,1.0822757891734793,1.0822757891734793
2024-08-09,5.5,-0.6569855002813544,-0.6569855002813544
2024-08-11,2.5,-1.2367392634329657,-1.2367392634329657
2024-08-12,9.25,0.06770670365815966,0.06770670365815966
2024-08-15,14.25,1.0339629755775117,1.0339629755775117
2024-08-16,7.75,-0.22217017791764598,-0.22217017791764598
2024-08-18,2.5,-1.2367392634329657,-1.2367392634329657
2024-08-19,4.5,-0.8502367546652249,-0.8502367546652249
2024-08-20,10.25,0.2609579580420301,0.2609579580420301
2024-08-22,10.75,0.3575835852339653,0.3575835852339653
2024-08-23,8.25,-0.12554455072571077,-0.12554455072571077
2024-08-25,3.75,-0.9951751954531277,-0.9951751954531277
2024-08-26,7.0,-0.3671086187055488,-0.3671086187055488
2024-08-27,5.75,-0.6086726866853869,-0.6086726866853869
2024-08-28,13.0,0.7923989075976737,0.7923989075976737
2024-09-01,10.0,0.21264514444606247,0.21264514444606247
2024-09-03,18.25,1.8069679931129934,1.8069679931129934
2024-09-04,17.75,1.7103423659210584,1.7103423659210584
2024-09-05,14.75,1.130588602769447,1.130588602769447
2024-09-08,3.5,-1.0434880090490952,-1.0434880090490952
2024-09-09,14.5,1.0822757891734793,1.0822757891734793
2024-09-10,19.75,2.096844874688799,2.096844874688799
2024-09-13,12.5,0.6957732804057385,0.6957732804057385
2024-09-15,2.25,-1.2850520770289333,-1.2850520770289333
2024-09-16,9.75,0.16433233085009488,0.16433233085009488
2024-09-17,6.75,-0.4154214323015164,-0.4154214323015164
2024-09-18,11.25,0.4542092124259005,0.4542092124259005
2024-09-19,9.25,0.06770670365815966,0.06770670365815966
2024-09-20,7.5,-0.2704829915136136,-0.2704829915136136
2024-09-22,2.25,-1.2850520770289333,-1.2850520770289333
2024-09-23,6.5,-0.463734245897484,-0.463734245897484
2024-09-24,10.0,0.21264514444606247,0.21264514444606247
2024-09-25,7.0,-0.3671086187055488,-0.3671086187055488
2024-09-29,1.75,-1.3816777042208686,-1.3816777042208686
2024-09-30,7.75,-0.22217017791764598,-0.22217017791764598
2024-10-01,10.75,0.3575835852339653,0.3575835852339653
2024-10-02,7.75,-0.22217017791764598,-0.22217017791764598
2024-10-03,8.25,-0.12554455072571077,-0.12554455072571077
2024-10-06,3.25,-1.0918008226450628,-1.0918008226450628
2024-10-07,7.25,-0.31879580510958117,-0.31879580510958117
2024-10-08,6.75,-0.4154214323015164,-0.4154214323015164
2024-10-09,8.0,-0.17385736432167836,-0.17385736432167836
2024-10-13,1.5,-1.4299905178168362,-1.4299905178168362
2024-10-14,6.75,-0.4154214323015164,-0.4154214323015164
2024-10-15,7.0,-0.3671086187055488,-0.3671086187055488
2024-10-16,4.5,-0.8502367546652249,-0.8502367546652249
2024-10-17,7.5,-0.2704829915136136,-0.2704829915136136
2024-10-18,5.5,-0.6569855002813544,-0.6569855002813544
2024-10-20,2.0,-1.333364890624901,-1.333364890624901
2024-10-21,14.0,0.9856501619815442,0.9856501619815442
2024-10-22,7.75,-0.22217017791764598,-0.22217017791764598
2024-10-23,4.75,-0.8019239410692572,-0.8019239410692572
2024-10-24,6.5,-0.463734245897484,-0.463734245897484
2024-10-25,8.25,-0.12554455072571077,-0.12554455072571077
2024-10-27,6.0,-0.5603598730894193,-0.5603598730894193
2024-10-28,7.5,-0.2704829915136136,-0.2704829915136136
2024-10-29,11.25,0.4542092124259005,0.4542092124259005
2024-11-03,3.75,-0.9951751954531277,-0.9951751954531277
2024-11-04,6.25,-0.5120470594934516,-0.5120470594934516
2024-11-05,23.25,2.7732242650323458,2.7732242650323458
2024-11-06,10.75,0.3575835852339653,0.3575835852339653
2024-11-07,15.5,1.2755270435573498,1.2755270435573498
2024-11-08,7.0,-0.3671086187055488,-0.3671086187055488
2024-11-10,3.75,-0.9951751954531277,-0.9951751954531277
2024-11-11,6.25,-0.5120470594934516,-0.5120470594934516
2024-11-12,12.25,0.647460466809771,0.647460466809771
2024-11-15,10.5,0.3092707716379977,0.3092707716379977
2024-11-17,2.5,-1.2367392634329657,-1.2367392634329657
2024-11-18,9.25,0.06770670365815966,0.06770670365815966
2024-11-19,8.0,-0.17385736432167836,-0.17385736432167836
2024-11-20,5.5,-0.6569855002813544,-0.6569855002813544
2024-11-21,7.0,-0.3671086187055488,-0.3671086187055488
2024-11-22,5.0,-0.7536111274732896,-0.7536111274732896
2024-11-24,3.75,-0.9951751954531277,-0.9951751954531277
2024-11-25,11.5,0.5025220260218681,0.5025220260218681
2024-11-26,5.25,-0.705298313877322,-0.705298313877322
2024-11-29,5.75,-0.6086726866853869,-0.6086726866853869
2024-12-01,5.75,-0.6086726866853869,-0.6086726866853869
2024-12-02,10.25,0.2609579580420301,0.2609579580420301
2024-12-03,10.0,0.21264514444606247,0.21264514444606247
2024-12-04,12.25,0.647460466809771,0.647460466809771
2024-12-05,8.25,-0.12554455072571077,-0.12554455072571077
2024-12-08,4.0,-0.9468623818571601,-0.9468623818571601
2024-12-09,9.5,0.11601951725412726,0.11601951725412726
2024-12-10,9.5,0.11601951725412726,0.11601951725412726
2024-12-13,10.0,0.21264514444606247,0.21264514444606247
2024-12-15,1.75,-1.3816777042208686,-1.3816777042208686
2024-12-16,5.5,-0.6569855002813544,-0.6569855002813544
2024-12-17,7.25,-0.31879580510958117,-0.31879580510958117
2024-12-18,18.0,1.7586551795170258,1.7586551795170258
2024-12-22,1.75,-1.3816777042208686,-1.3816777042208686
2024-12-23,8.75,-0.02891892353377555,-0.02891892353377555
2024-12-24,4.5,-0.8502367546652249,-0.8502367546652249
2024-12-25,2.5,-1.2367392634329657,-1.2367392634329657
2024-12-26,8.0,-0.17385736432167836,-0.17385736432167836
2024-12-27,5.75,-0.6086726866853869,-0.6086726866853869
2024-12-29,1.5,-1.4299905178168362,-1.4299905178168362
2024-12-30,11.0,0.4058963988299329,0.4058963988299329
2024-12-31,7.75,-0.22217017791764598,-0.22217017791764598
2025-01-01,3.25,-1.0918008226450628,-1.0918008226450628
2025-01-02,8.5,-0.07723173712974316,-0.07723173712974316
2025-01-03,7.25,-0.31879580510958117,-0.31879580510958117
2025-01-05,3.5,-1.0434880090490952,-1.0434880090490952
2025-01-06,6.5,-0.463734245897484,-0.463734245897484
2025-01-07,9.25,0.06770670365815966,0.06770670365815966
2025-01-08,7.25,-0.31879580510958117,-0.31879580510958117
2025-01-09,4.75,-0.8019239410692572,-0.8019239410692572
2025-01-12,4.25,-0.8985495682611925,-0.8985495682611925
2025-01-13,5.0,-0.7536111274732896,-0.7536111274732896
2025-01-16,12.0,0.5991476532138034,0.5991476532138034
2025-01-17,7.2540283203125,-0.3180173271561305,-0.3180173271561305
2025-01-19,2.25,-1.2850520770289333,-1.2850520770289333
2025-01-20,13.75,0.9373373483855766,0.9373373483855766
2025-01-21,7.5,-0.2704829915136136,-0.2704829915136136
2025-01-22,7.0,-0.3671086187055488,-0.3671086187055488
2025-01-23,6.75,-0.4154214323015164,-0.4154214323015164
2025-01-24,6.25,-0.5120470594934516,-0.5120470594934516
2025-01-26,4.0,-0.9468623818571601,-0.9468623818571601
2025-01-27,11.25,0.4542092124259005,0.4542092124259005
2025-01-28,7.0,-0.3671086187055488,-0.3671086187055488
2025-01-29,9.5,0.11601951725412726,0.11601951725412726
2025-02-02,9.5,0.11601951725412726,0.11601951725412726
2025-02-03,8.0,-0.17385736432167836,-0.17385736432167836
2025-02-04,9.5,0.11601951725412726,0.11601951725412726
2025-02-05,11.25,0.4542092124259005,0.4542092124259005
2025-02-06,5.0,-0.7536111274732896,-0.7536111274732896
2025-02-09,2.75,-1.188426449836998,-1.188426449836998
2025-02-10,5.5,-0.6569855002813544,-0.6569855002813544
2025-02-11,6.25,-0.5120470594934516,-0.5120470594934516
2025-02-14,10.75,0.3575835852339653,0.3575835852339653
2025-02-16,2.75,-1.188426449836998,-1.188426449836998
2025-02-17,3.75,-0.9951751954531277,-0.9951751954531277
2025-02-18,6.25,-0.5120470594934516,-0.5120470594934516
2025-02-19,7.0,-0.3671086187055488,-0.3671086187055488
2025-02-20,5.0,-0.7536111274732896,-0.7536111274732896
2025-02-21,10.25,0.2609579580420301,0.2609579580420301
2025-02-23,1.5,-1.4299905178168362,-1.4299905178168362
2025-02-24,9.75,0.16433233085009488,0.16433233085009488
2025-02-25,11.0,0.4058963988299329,0.4058963988299329
2025-02-26,10.75,0.3575835852339653,0.3575835852339653
2025-03-02,3.0,-1.1401136362410305,-1.1401136362410305
2025-03-03,17.0,1.5654039251331555,1.5654039251331555
2025-03-04,19.0,1.9519064339008962,1.9519064339008962
2025-03-05,16.75,1.517091111537188,1.517091111537188
2025-03-06,10.25,0.2609579580420301,0.2609579580420301
2025-03-09,4.0,-0.9468623818571601,-0.9468623818571601
2025-03-10,17.25,1.6137167387291231,1.6137167387291231
2025-03-11,13.25,0.8407117211936413,0.8407117211936413
2025-03-14,5.75,-0.6086726866853869,-0.6086726866853869
2025-03-16,3.5,-1.0434880090490952,-1.0434880090490952
2025-03-17,8.0,-0.17385736432167836,-0.17385736432167836
2025-03-18,7.5,-0.2704829915136136,-0.2704829915136136
2025-03-19,11.75,0.5508348396178357,0.5508348396178357
2025-03-20,8.5,-0.07723173712974316,-0.07723173712974316
2025-03-21,6.5,-0.463734245897484,-0.463734245897484
2025-03-23,3.0,-1.1401136362410305,-1.1401136362410305
2025-03-24,7.5,-0.2704829915136136,-0.2704829915136136
2025-03-25,8.0,-0.17385736432167836,-0.17385736432167836
2025-03-26,5.25,-0.705298313877322,-0.705298313877322
2025-03-30,5.75,-0.6086726866853869,-0.6086726866853869
2025-03-31,9.25,0.06770670365815966,0.06770670365815966
2025-04-01,7.75,-0.22217017791764598,-0.22217017791764598
2025-04-02,25.75,3.2563524009920215,3.2563524009920215
2025-04-03,17.25,1.6137167387291231,1.6137167387291231
2025-04-04,20.25,2.1934705018807343,2.1934705018807343
2025-04-06,14.75,1.130588602769447,1.130588602769447
2025-04-07,38.25,5.6719930807904015,5.6719930807904015
2025-04-08,32.5,4.560798368083146,4.560798368083146
2025-04-09,19.5,2.0485320610928315,2.0485320610928315
2025-04-13,9.25,0.06770670365815966,0.06770670365815966
2025-04-14,16.25,1.4204654843452527,1.4204654843452527
2025-04-15,11.5,0.5025220260218681,0.5025220260218681
2025-04-16,10.25,0.2609579580420301,0.2609579580420301
2025-04-17,6.25,-0.5120470594934516,-0.5120470594934516
2025-04-20,2.5,-1.2367392634329657,-1.2367392634329657
2025-04-21,9.75,0.16433233085009488,0.16433233085009488
2025-04-22,8.0,-0.17385736432167836,-0.17385736432167836
2025-04-23,11.5,0.5025220260218681,0.5025220260218681
2025-04-24,8.0,-0.17385736432167836,-0.17385736432167836
2025-04-25,9.75,0.16433233085009488,0.16433233085009488
2025-04-27,2.25,-1.2850520770289333,-1.2850520770289333
2025-04-28,10.5,0.3092707716379977,0.3092707716379977
2025-04-29,9.75,0.16433233085009488,0.16433233085009488
2025-05-01,14.5,1.0822757891734793,1.0822757891734793
2025-05-04,3.5,-1.0434880090490952,-1.0434880090490952
2025-05-05,8.25,-0.12554455072571077,-0.12554455072571077
2025-05-06,8.5,-0.07723173712974316,-0.07723173712974316
2025-05-07,9.0,0.019393890062192057,0.019393890062192057
2025-05-08,12.5,0.6957732804057385,0.6957732804057385
2025-05-09,3.2559814453125,-1.0906449008353938,-1.0906449008353938
2025-05-11,2.0,-1.333364890624901,-1.333364890624901
2025-05-12,9.0,0.019393890062192057,0.019393890062192057
2025-05-14,11.25,0.4542092124259005,0.4542092124259005
2025-05-16,11.25,0.4542092124259005,0.4542092124259005
2025-05-18,5.25,-0.705298313877322,-0.705298313877322
2025-05-19,12.0,0.5991476532138034,0.5991476532138034
2025-05-20,7.25,-0.31879580510958117,-0.31879580510958117
2025-05-21,10.25,0.2609579580420301,0.2609579580420301
2025-05-22,10.75,0.3575835852339653,0.3575835852339653
2025-05-23,10.5,0.3092707716379977,0.3092707716379977
2025-05-25,5.0,-0.7536111274732896,-0.7536111274732896
2025-05-26,7.0,-0.3671086187055488,-0.3671086187055488
2025-05-27,6.25,-0.5120470594934516,-0.5120470594934516
2025-05-28,10.75,0.3575835852339653,0.3575835852339653
2025-06-01,4.0,-0.9468623818571601,-0.9468623818571601
2025-06-02,6.25,-0.5120470594934516,-0.5120470594934516
2025-06-03,7.5,-0.2704829915136136,-0.2704829915136136
2025-06-04,13.5,0.889024534789609,0.889024534789609
2025-06-05,11.5,0.5025220260218681,0.5025220260218681
2025-06-08,3.0,-1.1401136362410305,-1.1401136362410305
2025-06-09,5.25,-0.705298313877322,-0.705298313877322
2025-06-10,5.25,-0.705298313877322,-0.705298313877322
2025-06-13,14.25,1.0339629755775117,1.0339629755775117
2025-06-15,4.0,-0.9468623818571601,-0.9468623818571601
2025-06-16,7.25,-0.31879580510958117,-0.31879580510958117
2025-06-17,8.0,-0.17385736432167836,-0.17385736432167836
2025-06-18,7.25,-0.31879580510958117,-0.31879580510958117
2025-06-19,5.25,-0.705298313877322,-0.705298313877322
2025-06-20,9.5,0.11601951725412726,0.11601951725412726
2025-06-22,5.25,-0.705298313877322,-0.705298313877322
2025-06-23,13.75,0.9373373483855766,0.9373373483855766
2025-06-24,7.5,-0.2704829915136136,-0.2704829915136136
2025-06-25,7.5,-0.2704829915136136,-0.2704829915136136
2025-06-29,2.5,-1.2367392634329657,-1.2367392634329657
2025-06-30,7.5,-0.2704829915136136,-0.2704829915136136
2025-07-01,11.0,0.4058963988299329,0.4058963988299329
2025-07-02,6.25,-0.5120470594934516,-0.5120470594934516
2025-07-04,4.5,-0.8502367546652249,-0.8502367546652249
2025-07-06,2.0,-1.333364890624901,-1.333364890624901
2025-07-07,7.5,-0.2704829915136136,-0.2704829915136136
2025-07-08,5.5,-0.6569855002813544,-0.6569855002813544
2025-07-09,11.0,0.4058963988299329,0.4058963988299329
2025-07-10,5.0,-0.7536111274732896,-0.7536111274732896
2025-07-11,7.0,-0.3671086187055488,-0.3671086187055488
2025-07-13,0.0,-1.7198673993926417,-1.7198673993926417
2025-07-14,4.75,-0.8019239410692572,-0.8019239410692572
2025-07-17,7.75,-0.22217017791764598,-0.22217017791764598
2025-07-18,4.75,-0.8019239410692572,-0.8019239410692572
2025-07-20,0.0,-1.7198673993926417,-1.7198673993926417
2025-07-21,7.75,-0.22217017791764598,-0.22217017791764598
2025-07-22,7.25,-0.31879580510958117,-0.31879580510958117
2025-07-23,5.25,-0.705298313877322,-0.705298313877322
