Date,"Volatility of Returns (Session:London 0-7 ET, Interval:1m, Symbol:ZT)",ZScore wrt All Days,ZScore wrt Given Days
2024-10-14,0.9374992000000475,-0.2807672538756844,-0.2807672538756844
2024-10-15,0.6875007999999525,-0.4988287178727247,-0.4988287178727247
2024-10-16,1.0,-0.2262508411747604,-0.2262508411747604
2024-10-17,0.375,-0.7714079901729076,-0.7714079901729076
2024-10-18,0.6874992000000475,-0.49883011347494327,-0.49883011347494327
2024-10-21,1.5625007999999525,0.2643912907246813,0.2643912907246813
2024-10-22,0.6874992000000475,-0.49883011347494327,-0.49883011347494327
2024-10-23,0.625,-0.5533451305736488,-0.5533451305736488
2024-10-24,0.875,-0.33528227097438984,-0.33528227097438984
2024-10-25,0.5624992000000475,-0.6078615432745728,-0.6078615432745728
2024-10-28,1.1874992000000475,-0.06270439427642556,-0.06270439427642556
2024-10-29,1.0625007999999525,-0.1717344284738364,-0.1717344284738364
2024-11-04,0.875,-0.33528227097438984,-0.33528227097438984
2024-11-05,0.8124992000000475,-0.38979868367531384,-0.38979868367531384
2024-11-06,2.0,0.6460005972222751,0.6460005972222751
2024-11-07,1.25,-0.00818798157550155,-0.00818798157550155
2024-11-08,1.125,-0.11721941137513098,-0.11721941137513098
2024-11-11,0.75,-0.44431370077401927,-0.44431370077401927
2024-11-12,1.375,0.10084344822412789,0.10084344822412789
2024-11-15,1.375,0.10084344822412789,0.10084344822412789
2024-11-18,0.875,-0.33528227097438984,-0.33528227097438984
2024-11-19,2.125,0.7550320270219045,0.7550320270219045
2024-11-20,0.8124992000000475,-0.38979868367531384,-0.38979868367531384
2024-11-21,1.0625007999999525,-0.1717344284738364,-0.1717344284738364
2024-11-22,1.0,-0.2262508411747604,-0.2262508411747604
2024-11-25,0.875,-0.33528227097438984,-0.33528227097438984
2024-11-26,0.75,-0.44431370077401927,-0.44431370077401927
2024-11-28,0.3124992000000475,-0.8259244028738316,-0.8259244028738316
2024-11-29,0.5,-0.6623765603732782,-0.6623765603732782
2024-12-02,3.75,2.172440614417087,2.172440614417087
2024-12-03,0.625,-0.5533451305736488,-0.5533451305736488
2024-12-04,0.8125,-0.38979798587420456,-0.38979798587420456
2024-12-05,2.9375,1.4637363207194958,1.4637363207194958
2024-12-09,0.5625,-0.6078608454734634,-0.6078608454734634
2024-12-10,1.0,-0.2262508411747604,-0.2262508411747604
2024-12-13,0.875,-0.33528227097438984,-0.33528227097438984
2024-12-16,0.875,-0.33528227097438984,-0.33528227097438984
2024-12-17,1.9375,0.5914848823224603,0.5914848823224603
2024-12-18,0.75,-0.44431370077401927,-0.44431370077401927
2024-12-23,0.4375,-0.7168922752730928,-0.7168922752730928
2024-12-26,0.4375,-0.7168922752730928,-0.7168922752730928
2024-12-27,0.5625,-0.6078608454734634,-0.6078608454734634
2024-12-30,0.75,-0.44431370077401927,-0.44431370077401927
2024-12-31,0.5,-0.6623765603732782,-0.6623765603732782
2025-01-02,1.5,0.20987487802375732,0.20987487802375732
2025-01-03,0.625,-0.5533451305736488,-0.5533451305736488
2025-01-06,1.375,0.10084344822412789,0.10084344822412789
2025-01-07,0.68896484375,-0.4975517036058696,-0.4975517036058696
2025-01-08,1.125,-0.11721941137513098,-0.11721941137513098
2025-01-09,0.875,-0.33528227097438984,-0.33528227097438984
2025-01-13,0.75,-0.44431370077401927,-0.44431370077401927
2025-01-16,0.75,-0.44431370077401927,-0.44431370077401927
2025-01-17,0.6875,-0.498829415673834,-0.498829415673834
2025-01-20,0.625,-0.5533451305736488,-0.5533451305736488
2025-01-21,1.4375,0.1553591631239426,0.1553591631239426
2025-01-22,0.625,-0.5533451305736488,-0.5533451305736488
2025-01-23,0.5625,-0.6078608454734634,-0.6078608454734634
2025-01-24,0.75,-0.44431370077401927,-0.44431370077401927
2025-01-27,2.625,1.1911577462204221,1.1911577462204221
2025-01-28,0.5625,-0.6078608454734634,-0.6078608454734634
2025-01-29,0.4375,-0.7168922752730928,-0.7168922752730928
2025-02-03,1.375,0.10084344822412789,0.10084344822412789
2025-02-04,0.9375,-0.2807665560745751,-0.2807665560745751
2025-02-05,0.9375,-0.2807665560745751,-0.2807665560745751
2025-02-06,0.6875,-0.498829415673834,-0.498829415673834
2025-02-10,0.5,-0.6623765603732782,-0.6623765603732782
2025-02-11,0.375,-0.7714079901729076,-0.7714079901729076
2025-02-14,0.6875,-0.498829415673834,-0.498829415673834
2025-02-17,0.625,-0.5533451305736488,-0.5533451305736488
2025-02-18,0.3125,-0.8259237050727223,-0.8259237050727223
2025-02-19,0.3125,-0.8259237050727223,-0.8259237050727223
2025-02-20,0.3125,-0.8259237050727223,-0.8259237050727223
2025-02-21,0.5625,-0.6078608454734634,-0.6078608454734634
2025-02-24,0.4375,-0.7168922752730928,-0.7168922752730928
2025-02-25,1.1875,-0.06270369647531626,-0.06270369647531626
2025-02-26,4.375,2.717597763415234,2.717597763415234
2025-03-03,4.875,3.153723482613752,3.153723482613752
2025-03-04,5.5,3.698880631611899,3.698880631611899
2025-03-05,1.375,0.10084344822412789,0.10084344822412789
2025-03-06,5.375,3.5898492018122696,3.5898492018122696
2025-03-10,1.5625,0.26439059292357203,0.26439059292357203
2025-03-11,4.875,3.153723482613752,3.153723482613752
2025-03-14,2.875,1.409220605819681,1.409220605819681
2025-03-17,0.75,-0.44431370077401927,-0.44431370077401927
2025-03-18,0.5625,-0.6078608454734634,-0.6078608454734634
2025-03-19,0.5625,-0.6078608454734634,-0.6078608454734634
2025-03-20,1.5,0.20987487802375732,0.20987487802375732
2025-03-21,1.125,-0.11721941137513098,-0.11721941137513098
2025-03-24,0.5625,-0.6078608454734634,-0.6078608454734634
2025-03-25,1.0,-0.2262508411747604,-0.2262508411747604
2025-03-26,0.6875,-0.498829415673834,-0.498829415673834
2025-03-31,1.5,0.20987487802375732,0.20987487802375732
2025-04-01,1.0,-0.2262508411747604,-0.2262508411747604
2025-04-02,1.5,0.20987487802375732,0.20987487802375732
2025-04-03,1.8125,0.4824534525228309,0.4824534525228309
2025-04-04,4.9375,3.2082391975135667,3.2082391975135667
2025-04-07,5.9375,4.080490635910603,4.080490635910603
2025-04-08,2.0625,0.7005163121220898,0.7005163121220898
2025-04-09,2.6875,1.245673461120237,1.245673461120237
2025-04-14,1.5625,0.26439059292357203,0.26439059292357203
2025-04-15,1.125,-0.11721941137513098,-0.11721941137513098
2025-04-16,1.375,0.10084344822412789,0.10084344822412789
2025-04-17,0.875,-0.33528227097438984,-0.33528227097438984
2025-04-21,1.1875,-0.06270369647531626,-0.06270369647531626
2025-04-22,1.4375,0.1553591631239426,0.1553591631239426
2025-04-23,0.75,-0.44431370077401927,-0.44431370077401927
2025-04-24,0.625,-0.5533451305736488,-0.5533451305736488
2025-04-25,1.0625,-0.1717351262749457,-0.1717351262749457
2025-04-28,0.875,-0.33528227097438984,-0.33528227097438984
2025-04-29,0.5625,-0.6078608454734634,-0.6078608454734634
2025-05-01,1.25,-0.00818798157550155,-0.00818798157550155
2025-05-05,0.5625,-0.6078608454734634,-0.6078608454734634
2025-05-06,1.3125,0.04632773332431317,0.04632773332431317
2025-05-07,0.875,-0.33528227097438984,-0.33528227097438984
2025-05-08,0.875,-0.33528227097438984,-0.33528227097438984
2025-05-09,0.5625,-0.6078608454734634,-0.6078608454734634
2025-05-12,3.1875,1.6817991803187546,1.6817991803187546
2025-05-14,0.5,-0.6623765603732782,-0.6623765603732782
2025-05-16,0.9375,-0.2807665560745751,-0.2807665560745751
2025-05-19,0.4375,-0.7168922752730928,-0.7168922752730928
