Datetime,Close,High,Low,Open,Volume
2025-05-15 04:00:00+00:00,109.671875,109.703125,109.671875,109.6875,1870.0
2025-05-15 04:15:00+00:00,109.6875,109.6875,109.671875,109.671875,884.0
2025-05-15 04:30:00+00:00,109.65625,109.6875,109.65625,109.671875,791.0
2025-05-15 04:45:00+00:00,109.65625,109.6875,109.65625,109.671875,1242.0
2025-05-15 05:00:00+00:00,109.640625,109.65625,109.625,109.65625,4249.0
2025-05-15 05:15:00+00:00,109.640625,109.671875,109.640625,109.640625,1601.0
2025-05-15 05:30:00+00:00,109.65625,109.65625,109.640625,109.640625,449.0
2025-05-15 05:45:00+00:00,109.6875,109.703125,109.640625,109.640625,9519.0
2025-05-15 06:00:00+00:00,109.703125,109.703125,109.65625,109.6875,4910.0
2025-05-15 06:15:00+00:00,109.703125,109.71875,109.671875,109.703125,6873.0
2025-05-15 06:30:00+00:00,109.71875,109.75,109.6875,109.703125,11564.0
2025-05-15 06:45:00+00:00,109.765625,109.78125,109.71875,109.71875,12318.0
2025-05-15 07:00:00+00:00,109.78125,109.796875,109.734375,109.75,13968.0
2025-05-15 07:15:00+00:00,109.78125,109.8125,109.765625,109.78125,12234.0
2025-05-15 07:30:00+00:00,109.78125,109.8125,109.765625,109.78125,13040.0
2025-05-15 07:45:00+00:00,109.796875,109.8125,109.765625,109.78125,4599.0
2025-05-15 08:00:00+00:00,109.859375,109.859375,109.765625,109.796875,15800.0
2025-05-15 08:15:00+00:00,109.828125,109.859375,109.828125,109.84375,9003.0
2025-05-15 08:30:00+00:00,109.859375,109.875,109.828125,109.84375,13015.0
2025-05-15 08:45:00+00:00,109.84375,109.859375,109.828125,109.84375,8567.0
2025-05-15 09:00:00+00:00,109.859375,109.875,109.828125,109.84375,6704.0
2025-05-15 09:15:00+00:00,109.84375,109.859375,109.828125,109.84375,5016.0
2025-05-15 09:30:00+00:00,109.859375,109.859375,109.828125,109.84375,5480.0
2025-05-15 09:45:00+00:00,109.84375,109.875,109.84375,109.84375,4136.0
2025-05-15 10:00:00+00:00,109.8125,109.859375,109.8125,109.84375,5866.0
2025-05-15 10:15:00+00:00,109.8125,109.8125,109.78125,109.7969970703125,8743.0
2025-05-15 10:30:00+00:00,109.796875,109.828125,109.796875,109.8125,5544.0
2025-05-15 10:45:00+00:00,109.828125,109.859375,109.78125,109.796875,11519.0
2025-05-15 11:00:00+00:00,109.828125,109.84375,109.796875,109.828125,15065.0
2025-05-15 11:15:00+00:00,109.84375,109.84375,109.796875,109.828125,8610.0
2025-05-15 11:30:00+00:00,109.8125,109.828125,109.78125,109.828125,12380.0
2025-05-15 11:45:00+00:00,109.796875,109.828125,109.796875,109.8125,15149.0
2025-05-15 12:00:00+00:00,109.8125,109.84375,109.796875,109.796875,22695.0
2025-05-15 12:15:00+00:00,109.796875,109.84375,109.734375,109.8125,65341.0
2025-05-15 12:30:00+00:00,109.859375,109.984375,109.78125,109.796875,162940.0
2025-05-15 12:45:00+00:00,109.859375,109.890625,109.671875,109.859375,118472.0
2025-05-15 13:00:00+00:00,110.09375,110.109375,109.859375,109.859375,122700.0
2025-05-15 13:15:00+00:00,110.078125,110.140625,110.03125,110.09375,68994.0
2025-05-15 13:30:00+00:00,110.109375,110.15625,110.015625,110.078125,69572.0
2025-05-15 13:45:00+00:00,110.046875,110.109375,110.03125,110.109375,37376.0
2025-05-15 14:00:00+00:00,110.046875,110.078125,110.015625,110.046875,30790.0
2025-05-15 14:15:00+00:00,110.0,110.09375,109.96875,110.046875,43168.0
2025-05-15 14:30:00+00:00,110.0,110.015625,109.953125,110.015625,38130.0
2025-05-15 14:45:00+00:00,110.09375,110.109375,110.0,110.0,36403.0
2025-05-15 15:00:00+00:00,110.171875,110.203125,110.078125,110.09375,53820.0
2025-05-15 15:15:00+00:00,110.1875,110.203125,110.140625,110.1875,30503.0
2025-05-15 15:30:00+00:00,110.15625,110.21875,110.15625,110.1875,24856.0
2025-05-15 15:45:00+00:00,110.203125,110.203125,110.171875,110.171875,16212.0
2025-05-15 16:00:00+00:00,110.28125,110.296875,110.1875,110.203125,46690.0
2025-05-15 16:15:00+00:00,110.34375,110.34375,110.28125,110.28125,42667.0
2025-05-15 16:30:00+00:00,110.3125,110.34375,110.28125,110.34375,31637.0
2025-05-15 16:45:00+00:00,110.328125,110.34375,110.296875,110.3125,21662.0
2025-05-15 17:00:00+00:00,110.328125,110.34375,110.296875,110.328125,20759.0
2025-05-15 17:15:00+00:00,110.328125,110.34375,110.3125,110.3125,11901.0
2025-05-15 17:30:00+00:00,110.28125,110.328125,110.265625,110.328125,30135.0
2025-05-15 17:45:00+00:00,110.28125,110.296875,110.25,110.28125,20623.0
2025-05-15 18:00:00+00:00,110.265625,110.296875,110.25,110.28125,23715.0
2025-05-15 18:15:00+00:00,110.234375,110.28125,110.234375,110.265625,12936.0
2025-05-15 18:30:00+00:00,110.25,110.28125,110.234375,110.25,12132.0
2025-05-15 18:45:00+00:00,110.265625,110.265625,110.21875,110.265625,65109.0
2025-05-15 19:00:00+00:00,110.265625,110.28125,110.25,110.265625,18890.0
2025-05-15 19:15:00+00:00,110.296875,110.328125,110.265625,110.28125,15804.0
2025-05-15 19:30:00+00:00,110.3125,110.3125,110.28125,110.296875,7517.0
2025-05-15 19:45:00+00:00,110.296875,110.328125,110.28125,110.296875,34091.0
2025-05-15 20:00:00+00:00,110.34375,110.34375,110.296875,110.3125,26585.0
2025-05-15 20:15:00+00:00,110.375,110.375,110.328125,110.34375,17896.0
2025-05-15 20:30:00+00:00,110.421875,110.421875,110.359375,110.375,18436.0
2025-05-15 20:45:00+00:00,110.375,110.40625,110.359375,110.40625,28580.0
2025-05-15 22:00:00+00:00,110.40625,110.40625,110.34375,110.359375,4378.0
2025-05-15 22:15:00+00:00,110.390625,110.4375,110.390625,110.40625,2776.0
2025-05-15 22:30:00+00:00,110.390625,110.40625,110.375,110.390625,588.0
2025-05-15 22:45:00+00:00,110.375,110.40625,110.375,110.375,1867.0
2025-05-15 23:00:00+00:00,110.390625,110.40625,110.375,110.375,1012.0
2025-05-15 23:15:00+00:00,110.359375,110.375,110.34375,110.375,1737.0
2025-05-15 23:30:00+00:00,110.3125,110.375,110.3125,110.359375,3947.0
2025-05-15 23:45:00+00:00,110.328125,110.328125,110.3125,110.3125,1336.0
2025-05-16 00:00:00+00:00,110.359375,110.375,110.3125,110.3125,7790.0
2025-05-16 00:15:00+00:00,110.40625,110.40625,110.3125,110.34375,8422.0
2025-05-16 00:30:00+00:00,110.421875,110.453125,110.40625,110.40625,7546.0
2025-05-16 00:45:00+00:00,110.46875,110.484375,110.4375,110.4375,15624.0
2025-05-16 01:00:00+00:00,110.421875,110.484375,110.421875,110.46875,6238.0
2025-05-16 01:15:00+00:00,110.421875,110.4375,110.40625,110.421875,3492.0
2025-05-16 01:30:00+00:00,110.453125,110.46875,110.421875,110.421875,2844.0
2025-05-16 01:45:00+00:00,110.453125,110.46875,110.4375,110.453125,3368.0
2025-05-16 02:00:00+00:00,110.46875,110.46875,110.40625,110.453125,7863.0
2025-05-16 02:15:00+00:00,110.421875,110.453125,110.421875,110.453125,1485.0
2025-05-16 02:30:00+00:00,110.4375,110.453125,110.421875,110.4375,2585.0
2025-05-16 02:45:00+00:00,110.4375,110.453125,110.421875,110.4375,1139.0
2025-05-16 03:00:00+00:00,110.453125,110.46875,110.4375,110.453125,1539.0
2025-05-16 03:15:00+00:00,110.46875,110.46875,110.453125,110.46875,2886.0
2025-05-16 03:30:00+00:00,110.453125,110.46875,110.4375,110.453125,1429.0
2025-05-16 03:45:00+00:00,110.4375,110.46875,110.4375,110.46875,3517.0
2025-05-16 04:00:00+00:00,110.421875,110.453125,110.40625,110.4375,3106.0
2025-05-16 04:15:00+00:00,110.421875,110.421875,110.40625,110.40625,2057.0
2025-05-16 04:30:00+00:00,110.421875,110.4375,110.421875,110.421875,1658.0
2025-05-16 04:45:00+00:00,110.421875,110.4375,110.40625,110.4375,2126.0
2025-05-16 05:00:00+00:00,110.453125,110.453125,110.4375,110.4375,1636.0
2025-05-16 05:15:00+00:00,110.453125,110.453125,110.421875,110.4375,1480.0
2025-05-16 05:30:00+00:00,110.46875,110.46875,110.4375,110.453125,1330.0
2025-05-16 05:45:00+00:00,110.46875,110.46875,110.453125,110.46875,976.0
2025-05-16 06:00:00+00:00,110.53125,110.53125,110.453125,110.46875,20216.0
2025-05-16 06:15:00+00:00,110.546875,110.5625,110.515625,110.53125,13281.0
2025-05-16 06:30:00+00:00,110.578125,110.59375,110.53125,110.546875,13218.0
2025-05-16 06:45:00+00:00,110.609375,110.625,110.578125,110.578125,11326.0
2025-05-16 07:00:00+00:00,110.59375,110.609375,110.546875,110.609375,19693.0
2025-05-16 07:15:00+00:00,110.5625,110.59375,110.546875,110.59375,14361.0
2025-05-16 07:30:00+00:00,110.5625,110.59375,110.546875,110.578125,14674.0
2025-05-16 07:45:00+00:00,110.515625,110.5625,110.515625,110.5625,12002.0
2025-05-16 08:00:00+00:00,110.53125,110.53125,110.484375,110.53125,17056.0
2025-05-16 08:15:00+00:00,110.515625,110.546875,110.515625,110.53125,8112.0
2025-05-16 08:30:00+00:00,110.515625,110.53125,110.484375,110.515625,8144.0
2025-05-16 08:45:00+00:00,110.515625,110.53125,110.5,110.515625,11240.0
2025-05-16 09:00:00+00:00,110.515625,110.53125,110.5,110.5,6864.0
2025-05-16 09:15:00+00:00,110.578125,110.59375,110.515625,110.53125,16332.0
2025-05-16 09:30:00+00:00,110.59375,110.625,110.5625,110.578125,10005.0
2025-05-16 09:45:00+00:00,110.5625,110.625,110.5625,110.59375,15133.0
2025-05-16 10:00:00+00:00,110.5625,110.578125,110.546875,110.5625,5538.0
2025-05-16 10:15:00+00:00,110.546875,110.578125,110.546875,110.5780029296875,10811.0
2025-05-16 10:30:00+00:00,110.515625,110.5625,110.515625,110.546875,7191.0
2025-05-16 10:45:00+00:00,110.515625,110.546875,110.5,110.515625,4179.0
2025-05-16 11:00:00+00:00,110.5625,110.5625,110.5,110.5,8999.0
2025-05-16 11:15:00+00:00,110.609375,110.609375,110.546875,110.5625,21485.0
2025-05-16 11:30:00+00:00,110.578125,110.609375,110.5625,110.609375,10823.0
2025-05-16 11:45:00+00:00,110.5625,110.578125,110.53125,110.578125,14662.0
2025-05-16 12:00:00+00:00,110.546875,110.5625,110.515625,110.5625,22289.0
2025-05-16 12:15:00+00:00,110.609375,110.625,110.53125,110.546875,34895.0
2025-05-16 12:30:00+00:00,110.65625,110.671875,110.546875,110.59375,38795.0
2025-05-16 12:45:00+00:00,110.625,110.65625,110.59375,110.65625,32824.0
2025-05-16 13:00:00+00:00,110.625,110.640625,110.578125,110.609375,23951.0
2025-05-16 13:15:00+00:00,110.65625,110.65625,110.609375,110.625,28009.0
2025-05-16 13:30:00+00:00,110.625,110.671875,110.59375,110.640625,38409.0
2025-05-16 13:45:00+00:00,110.609375,110.625,110.578125,110.609375,27974.0
2025-05-16 14:00:00+00:00,110.546875,110.625,110.515625,110.609375,51111.0
2025-05-16 14:15:00+00:00,110.484375,110.5625,110.453125,110.546875,43099.0
2025-05-16 14:30:00+00:00,110.421875,110.484375,110.390625,110.46875,42699.0
2025-05-16 14:45:00+00:00,110.359375,110.421875,110.296875,110.40625,59520.0
2025-05-16 15:00:00+00:00,110.421875,110.453125,110.34375,110.34375,60450.0
2025-05-16 15:15:00+00:00,110.390625,110.421875,110.375,110.421875,23600.0
2025-05-16 15:30:00+00:00,110.375,110.390625,110.34375,110.390625,23565.0
2025-05-16 15:45:00+00:00,110.34375,110.375,110.3125,110.375,19808.0
2025-05-16 16:00:00+00:00,110.421875,110.453125,110.34375,110.359375,45467.0
2025-05-16 16:15:00+00:00,110.421875,110.4375,110.375,110.40625,16716.0
2025-05-16 16:30:00+00:00,110.328125,110.4375,110.328125,110.421875,14030.0
2025-05-16 16:45:00+00:00,110.359375,110.375,110.328125,110.328125,10065.0
2025-05-16 17:00:00+00:00,110.34375,110.375,110.328125,110.375,9667.0
2025-05-16 17:15:00+00:00,110.328125,110.359375,110.3125,110.34375,15273.0
2025-05-16 17:30:00+00:00,110.359375,110.375,110.328125,110.34375,8247.0
2025-05-16 17:45:00+00:00,110.359375,110.375,110.34375,110.34375,27046.0
2025-05-16 18:00:00+00:00,110.34375,110.390625,110.34375,110.375,7059.0
2025-05-16 18:15:00+00:00,110.359375,110.375,110.328125,110.34375,17969.0
2025-05-16 18:30:00+00:00,110.34375,110.375,110.34375,110.359375,15280.0
2025-05-16 18:45:00+00:00,110.34375,110.375,110.3125,110.34375,73559.0
2025-05-16 19:00:00+00:00,110.390625,110.421875,110.34375,110.359375,29461.0
2025-05-16 19:15:00+00:00,110.375,110.40625,110.359375,110.390625,9110.0
2025-05-16 19:30:00+00:00,110.34375,110.390625,110.328125,110.359375,17814.0
2025-05-16 19:45:00+00:00,110.296875,110.359375,110.28125,110.34375,26295.0
2025-05-16 20:00:00+00:00,110.3125,110.328125,110.28125,110.28125,20007.0
2025-05-16 20:15:00+00:00,110.3125,110.328125,110.296875,110.296875,8222.0
2025-05-16 20:30:00+00:00,110.296875,110.328125,110.28125,110.296875,10335.0
2025-05-16 20:45:00+00:00,110.09375,110.296875,109.96875,110.296875,97147.0
2025-05-18 22:00:00+00:00,110.109375,110.125,109.96875,110.0,20406.0
2025-05-18 22:15:00+00:00,110.140625,110.140625,110.078125,110.109375,4927.0
2025-05-18 22:30:00+00:00,110.125,110.171875,110.125,110.140625,5877.0
2025-05-18 22:45:00+00:00,110.15625,110.15625,110.125,110.125,2378.0
2025-05-18 23:00:00+00:00,110.171875,110.1875,110.125,110.15625,2762.0
2025-05-18 23:15:00+00:00,110.15625,110.203125,110.15625,110.171875,3125.0
2025-05-18 23:30:00+00:00,110.125,110.15625,110.109375,110.140625,5760.0
2025-05-18 23:45:00+00:00,110.140625,110.15625,110.109375,110.140625,3793.0
2025-05-19 00:00:00+00:00,110.171875,110.1875,110.125,110.125,6909.0
2025-05-19 00:15:00+00:00,110.21875,110.25,110.171875,110.171875,8631.0
2025-05-19 00:30:00+00:00,110.1875,110.234375,110.171875,110.234375,4729.0
2025-05-19 00:45:00+00:00,110.15625,110.171875,110.125,110.171875,7546.0
2025-05-19 01:00:00+00:00,110.15625,110.1875,110.15625,110.171875,3963.0
2025-05-19 01:15:00+00:00,110.171875,110.1875,110.140625,110.15625,5403.0
2025-05-19 01:30:00+00:00,110.1875,110.203125,110.15625,110.1875,3035.0
2025-05-19 01:45:00+00:00,110.140625,110.1875,110.125,110.1875,4472.0
2025-05-19 02:00:00+00:00,110.125,110.15625,110.078125,110.15625,10686.0
2025-05-19 02:15:00+00:00,110.15625,110.15625,110.109375,110.125,3959.0
2025-05-19 02:30:00+00:00,110.109375,110.171875,110.109375,110.15625,6752.0
2025-05-19 02:45:00+00:00,110.0625,110.125,110.046875,110.109375,8892.0
2025-05-19 03:00:00+00:00,110.015625,110.0625,110.015625,110.0625,6068.0
2025-05-19 03:15:00+00:00,110.015625,110.03125,110.0,110.015625,5613.0
2025-05-19 03:30:00+00:00,109.953125,110.03125,109.953125,110.0,15178.0
2025-05-19 03:45:00+00:00,109.953125,109.96875,109.921875,109.953125,11276.0
2025-05-19 04:00:00+00:00,109.953125,109.96875,109.9375,109.96875,5031.0
2025-05-19 04:15:00+00:00,109.9375,109.96875,109.9375,109.953125,3751.0
2025-05-19 04:30:00+00:00,109.921875,109.953125,109.921875,109.921875,2529.0
2025-05-19 04:45:00+00:00,109.90625,109.9375,109.890625,109.921875,10715.0
2025-05-19 05:00:00+00:00,109.984375,109.984375,109.90625,109.90625,6941.0
2025-05-19 05:15:00+00:00,109.984375,110.0,109.96875,109.984375,3153.0
2025-05-19 05:30:00+00:00,109.984375,110.03125,109.984375,109.984375,5098.0
2025-05-19 05:45:00+00:00,109.953125,109.984375,109.9375,109.984375,5185.0
2025-05-19 06:00:00+00:00,109.875,109.984375,109.859375,109.953125,23581.0
2025-05-19 06:15:00+00:00,109.921875,109.9375,109.875,109.875,17386.0
2025-05-19 06:30:00+00:00,109.9375,109.953125,109.90625,109.921875,14092.0
2025-05-19 06:45:00+00:00,109.953125,109.96875,109.875,109.953125,10847.0
2025-05-19 07:00:00+00:00,109.984375,109.984375,109.921875,109.953125,15693.0
2025-05-19 07:15:00+00:00,109.984375,110.0,109.9375,109.984375,18903.0
2025-05-19 07:30:00+00:00,109.984375,110.015625,109.96875,109.984375,12249.0
2025-05-19 07:45:00+00:00,109.921875,109.984375,109.921875,109.984375,10524.0
2025-05-19 08:00:00+00:00,109.921875,109.96875,109.921875,109.9375,8675.0
2025-05-19 08:15:00+00:00,109.84375,109.9375,109.828125,109.9219970703125,30144.0
2025-05-19 08:30:00+00:00,109.78125,109.859375,109.78125,109.828125,31191.0
2025-05-19 08:45:00+00:00,109.796875,109.8125,109.765625,109.78125,15124.0
2025-05-19 09:00:00+00:00,109.78125,109.828125,109.78125,109.8125,14112.0
2025-05-19 09:15:00+00:00,109.734375,109.796875,109.703125,109.796875,34229.0
2025-05-19 09:30:00+00:00,109.75,109.78125,109.71875,109.734375,21210.0
2025-05-19 09:45:00+00:00,109.78125,109.78125,109.734375,109.765625,11662.0
2025-05-19 10:00:00+00:00,109.78125,109.78125,109.75,109.765625,9769.0
2025-05-19 10:15:00+00:00,109.78125,109.796875,109.734375,109.75,19213.0
2025-05-19 10:30:00+00:00,109.75,109.8125,109.75,109.78125,9993.0
2025-05-19 10:45:00+00:00,109.734375,109.75,109.71875,109.75,13268.0
2025-05-19 11:00:00+00:00,109.734375,109.765625,109.703125,109.71875,12005.0
2025-05-19 11:15:00+00:00,109.640625,109.75,109.640625,109.734375,35643.0
2025-05-19 11:30:00+00:00,109.6875,109.703125,109.625,109.65625,20900.0
2025-05-19 11:45:00+00:00,109.75,109.765625,109.65625,109.6875,25617.0
2025-05-19 12:00:00+00:00,109.75,109.796875,109.71875,109.75,32332.0
2025-05-19 12:15:00+00:00,109.734375,109.796875,109.703125,109.765625,52184.0
2025-05-19 12:30:00+00:00,109.75,109.765625,109.65625,109.734375,61732.0
2025-05-19 12:45:00+00:00,109.671875,109.75,109.671875,109.734375,34743.0
2025-05-19 13:00:00+00:00,109.75,109.78125,109.640625,109.671875,40992.0
2025-05-19 13:15:00+00:00,109.828125,109.84375,109.75,109.75,82676.0
2025-05-19 13:30:00+00:00,109.890625,109.9375,109.796875,109.8125,54998.0
2025-05-19 13:45:00+00:00,109.921875,109.953125,109.875,109.90625,41187.0
2025-05-19 14:00:00+00:00,109.921875,109.9375,109.859375,109.921875,33816.0
2025-05-19 14:15:00+00:00,109.984375,110.015625,109.890625,109.921875,44214.0
2025-05-19 14:30:00+00:00,110.03125,110.046875,109.953125,109.96875,44285.0
2025-05-19 14:45:00+00:00,110.03125,110.09375,110.03125,110.03125,44077.0
2025-05-19 15:00:00+00:00,110.109375,110.109375,110.015625,110.03125,58197.0
2025-05-19 15:15:00+00:00,110.09375,110.140625,110.0625,110.09375,35905.0
2025-05-19 15:30:00+00:00,110.078125,110.125,110.0625,110.078125,29021.0
2025-05-19 15:45:00+00:00,110.015625,110.109375,110.0,110.078125,41437.0
2025-05-19 16:00:00+00:00,110.015625,110.046875,110.0,110.015625,9085.0
2025-05-19 16:15:00+00:00,110.0625,110.09375,110.015625,110.015625,18849.0
2025-05-19 16:30:00+00:00,110.09375,110.109375,110.046875,110.078125,18074.0
2025-05-19 16:45:00+00:00,110.09375,110.140625,110.09375,110.09375,21741.0
2025-05-19 17:00:00+00:00,110.046875,110.125,110.0,110.09375,36055.0
2025-05-19 17:15:00+00:00,110.125,110.15625,110.03125,110.03125,41681.0
2025-05-19 17:30:00+00:00,110.140625,110.171875,110.109375,110.140625,24421.0
2025-05-19 17:45:00+00:00,110.125,110.15625,110.09375,110.140625,20128.0
2025-05-19 18:00:00+00:00,110.09375,110.15625,110.078125,110.140625,38298.0
2025-05-19 18:15:00+00:00,110.140625,110.15625,110.09375,110.09375,16136.0
2025-05-19 18:30:00+00:00,110.15625,110.1875,110.109375,110.140625,13728.0
2025-05-19 18:45:00+00:00,110.15625,110.1875,110.125,110.15625,38396.0
2025-05-19 19:00:00+00:00,110.234375,110.25,110.140625,110.140625,39454.0
2025-05-19 19:15:00+00:00,110.265625,110.28125,110.21875,110.234375,38523.0
2025-05-19 19:30:00+00:00,110.25,110.265625,110.234375,110.25,11474.0
2025-05-19 19:45:00+00:00,110.25,110.265625,110.21875,110.234375,26096.0
2025-05-19 20:00:00+00:00,110.3125,110.328125,110.234375,110.234375,40258.0
2025-05-19 20:15:00+00:00,110.28125,110.328125,110.265625,110.3125,16578.0
2025-05-19 20:30:00+00:00,110.296875,110.3125,110.265625,110.28125,24209.0
2025-05-19 20:45:00+00:00,110.28125,110.3125,110.25,110.28125,11344.0
2025-05-19 22:00:00+00:00,110.25,110.28125,110.25,110.28125,2188.0
2025-05-19 22:15:00+00:00,110.25,110.265625,110.25,110.265625,740.0
2025-05-19 22:30:00+00:00,110.296875,110.296875,110.265625,110.265625,366.0
2025-05-19 22:45:00+00:00,110.296875,110.296875,110.28125,110.28125,1432.0
2025-05-19 23:00:00+00:00,110.28125,110.296875,110.28125,110.28125,453.0
2025-05-19 23:15:00+00:00,110.265625,110.296875,110.265625,110.296875,1952.0
2025-05-19 23:30:00+00:00,110.25,110.28125,110.234375,110.265625,2687.0
2025-05-19 23:45:00+00:00,110.28125,110.296875,110.25,110.265625,1620.0
2025-05-20 00:00:00+00:00,110.25,110.28125,110.21875,110.28125,5109.0
2025-05-20 00:15:00+00:00,110.234375,110.28125,110.203125,110.25,3306.0
2025-05-20 00:30:00+00:00,110.25,110.25,110.203125,110.234375,1853.0
2025-05-20 00:45:00+00:00,110.25,110.265625,110.234375,110.234375,2676.0
2025-05-20 01:00:00+00:00,110.296875,110.296875,110.25,110.25,7213.0
2025-05-20 01:15:00+00:00,110.359375,110.375,110.296875,110.296875,7076.0
2025-05-20 01:30:00+00:00,110.296875,110.359375,110.296875,110.34375,3359.0
2025-05-20 01:45:00+00:00,110.28125,110.296875,110.265625,110.296875,4465.0
2025-05-20 02:00:00+00:00,110.28125,110.296875,110.265625,110.28125,1752.0
2025-05-20 02:15:00+00:00,110.3125,110.328125,110.28125,110.28125,4447.0
2025-05-20 02:30:00+00:00,110.3125,110.328125,110.296875,110.296875,2314.0
2025-05-20 02:45:00+00:00,110.265625,110.3125,110.265625,110.3125,1500.0
2025-05-20 03:00:00+00:00,110.28125,110.28125,110.25,110.265625,4815.0
2025-05-20 03:15:00+00:00,110.28125,110.296875,110.28125,110.28125,813.0
2025-05-20 03:30:00+00:00,110.234375,110.296875,110.21875,110.296875,7669.0
2025-05-20 03:45:00+00:00,110.203125,110.25,110.203125,110.25,4126.0
2025-05-20 04:00:00+00:00,110.21875,110.25,110.21875,110.21875,2175.0
2025-05-20 04:15:00+00:00,110.21875,110.234375,110.203125,110.21875,2867.0
2025-05-20 04:30:00+00:00,110.265625,110.28125,110.21875,110.21875,2969.0
2025-05-20 04:45:00+00:00,110.234375,110.28125,110.234375,110.265625,1222.0
2025-05-20 05:00:00+00:00,110.21875,110.265625,110.21875,110.25,4725.0
2025-05-20 05:15:00+00:00,110.21875,110.21875,110.203125,110.21875,4713.0
2025-05-20 05:30:00+00:00,110.265625,110.265625,110.234375,110.234375,4084.0
2025-05-20 05:45:00+00:00,110.28125,110.328125,110.265625,110.265625,8817.0
2025-05-20 06:00:00+00:00,110.3125,110.3125,110.28125,110.296875,6976.0
2025-05-20 06:15:00+00:00,110.328125,110.34375,110.296875,110.3125,7369.0
2025-05-20 06:30:00+00:00,110.234375,110.328125,110.203125,110.3125,8967.0
2025-05-20 06:45:00+00:00,110.21875,110.234375,110.1875,110.234375,10408.0
2025-05-20 07:00:00+00:00,110.28125,110.296875,110.1875,110.21875,15122.0
2025-05-20 07:15:00+00:00,110.4375,110.453125,110.28125,110.28125,42299.0
2025-05-20 07:30:00+00:00,110.40625,110.4375,110.359375,110.4375,28367.0
2025-05-20 07:45:00+00:00,110.375,110.421875,110.359375,110.40625,14062.0
2025-05-20 08:00:00+00:00,110.359375,110.390625,110.328125,110.390625,8827.0
2025-05-20 08:15:00+00:00,110.359375,110.40625,110.359375,110.39099884033203,12492.0
2025-05-20 08:30:00+00:00,110.3125,110.375,110.3125,110.359375,10160.0
2025-05-20 08:45:00+00:00,110.390625,110.390625,110.3125,110.3125,6458.0
2025-05-20 09:00:00+00:00,110.359375,110.390625,110.359375,110.390625,8397.0
2025-05-20 09:15:00+00:00,110.328125,110.359375,110.3125,110.359375,6620.0
2025-05-20 09:30:00+00:00,110.265625,110.34375,110.265625,110.3125,10683.0
2025-05-20 09:45:00+00:00,110.28125,110.296875,110.25,110.265625,8571.0
2025-05-20 10:00:00+00:00,110.296875,110.296875,110.265625,110.28125,11385.0
2025-05-20 10:15:00+00:00,110.296875,110.3125,110.265625,110.28125,8339.0
2025-05-20 10:30:00+00:00,110.28125,110.3125,110.25,110.296875,11329.0
2025-05-20 10:45:00+00:00,110.265625,110.3125,110.25,110.28125,9038.0
2025-05-20 11:00:00+00:00,110.296875,110.296875,110.25,110.25,11126.0
2025-05-20 11:15:00+00:00,110.28125,110.3125,110.265625,110.296875,11004.0
2025-05-20 11:30:00+00:00,110.25,110.296875,110.203125,110.265625,23412.0
2025-05-20 11:45:00+00:00,110.28125,110.28125,110.25,110.25,13069.0
2025-05-20 12:00:00+00:00,110.203125,110.28125,110.203125,110.265625,14809.0
2025-05-20 12:15:00+00:00,110.15625,110.21875,110.125,110.203125,66824.0
2025-05-20 12:30:00+00:00,110.109375,110.171875,110.078125,110.15625,41595.0
2025-05-20 12:45:00+00:00,110.109375,110.140625,110.078125,110.109375,23433.0
2025-05-20 13:00:00+00:00,110.046875,110.125,110.046875,110.109375,66132.0
2025-05-20 13:15:00+00:00,110.015625,110.078125,110.0,110.046875,70175.0
2025-05-20 13:30:00+00:00,109.890625,110.03125,109.890625,110.015625,93011.0
2025-05-20 13:45:00+00:00,109.953125,109.984375,109.90625,109.90625,60570.0
2025-05-20 14:00:00+00:00,110.078125,110.078125,109.953125,109.953125,64151.0
2025-05-20 14:15:00+00:00,110.09375,110.09375,110.046875,110.078125,36814.0
2025-05-20 14:30:00+00:00,110.078125,110.140625,110.0625,110.09375,30146.0
2025-05-20 14:45:00+00:00,110.140625,110.15625,110.0625,110.0625,25423.0
2025-05-20 15:00:00+00:00,110.171875,110.1875,110.125,110.140625,61649.0
2025-05-20 15:15:00+00:00,110.1875,110.21875,110.171875,110.1875,45633.0
2025-05-20 15:30:00+00:00,110.140625,110.203125,110.125,110.1875,24140.0
2025-05-20 15:45:00+00:00,110.125,110.171875,110.125,110.140625,17911.0
2025-05-20 16:00:00+00:00,110.140625,110.171875,110.109375,110.140625,22482.0
2025-05-20 16:15:00+00:00,110.1875,110.203125,110.140625,110.140625,155623.0
2025-05-20 16:30:00+00:00,110.171875,110.1875,110.15625,110.1875,16511.0
2025-05-20 16:45:00+00:00,110.21875,110.21875,110.171875,110.1875,8388.0
2025-05-20 17:00:00+00:00,110.203125,110.234375,110.171875,110.21875,19795.0
2025-05-20 17:15:00+00:00,110.203125,110.25,110.203125,110.21875,14898.0
2025-05-20 17:30:00+00:00,110.21875,110.234375,110.1875,110.203125,12275.0
2025-05-20 17:45:00+00:00,110.21875,110.25,110.203125,110.21875,9293.0
2025-05-20 18:00:00+00:00,110.1875,110.21875,110.171875,110.203125,14144.0
2025-05-20 18:15:00+00:00,110.234375,110.234375,110.171875,110.1875,22769.0
2025-05-20 18:30:00+00:00,110.234375,110.25,110.171875,110.21875,22422.0
2025-05-20 18:45:00+00:00,110.203125,110.234375,110.171875,110.21875,29218.0
2025-05-20 19:00:00+00:00,110.1875,110.234375,110.171875,110.1875,23460.0
2025-05-20 19:15:00+00:00,110.1875,110.203125,110.171875,110.1875,22496.0
2025-05-20 19:30:00+00:00,110.21875,110.21875,110.171875,110.1875,15551.0
2025-05-20 19:45:00+00:00,110.171875,110.21875,110.125,110.21875,59798.0
2025-05-20 20:00:00+00:00,110.171875,110.203125,110.140625,110.171875,24683.0
2025-05-20 20:15:00+00:00,110.15625,110.1875,110.140625,110.1875,10169.0
2025-05-20 20:30:00+00:00,110.171875,110.1875,110.140625,110.140625,13512.0
2025-05-20 20:45:00+00:00,110.140625,110.1875,110.125,110.171875,56323.0
2025-05-20 22:00:00+00:00,110.28125,110.3125,110.125,110.140625,18909.0
2025-05-20 22:15:00+00:00,110.21875,110.328125,110.21875,110.28125,7795.0
2025-05-20 22:30:00+00:00,110.171875,110.234375,110.15625,110.21875,6289.0
2025-05-20 22:45:00+00:00,110.203125,110.21875,110.171875,110.171875,4465.0
2025-05-20 23:00:00+00:00,110.203125,110.21875,110.1875,110.203125,2233.0
2025-05-20 23:15:00+00:00,110.234375,110.234375,110.1875,110.203125,479.0
2025-05-20 23:30:00+00:00,110.203125,110.21875,110.1875,110.21875,1947.0
2025-05-20 23:45:00+00:00,110.21875,110.234375,110.171875,110.1875,4177.0
2025-05-21 00:00:00+00:00,110.203125,110.25,110.203125,110.21875,4321.0
2025-05-21 00:15:00+00:00,110.171875,110.234375,110.171875,110.203125,3796.0
2025-05-21 00:30:00+00:00,110.21875,110.234375,110.15625,110.171875,2864.0
2025-05-21 00:45:00+00:00,110.1875,110.21875,110.1875,110.203125,2496.0
2025-05-21 01:00:00+00:00,110.140625,110.203125,110.125,110.1875,24229.0
2025-05-21 01:15:00+00:00,110.140625,110.171875,110.125,110.140625,2991.0
2025-05-21 01:30:00+00:00,110.109375,110.15625,110.078125,110.15625,6587.0
2025-05-21 01:45:00+00:00,110.09375,110.125,110.09375,110.109375,1917.0
2025-05-21 02:00:00+00:00,110.078125,110.109375,110.0625,110.09375,5257.0
2025-05-21 02:15:00+00:00,110.046875,110.09375,110.03125,110.078125,8268.0
2025-05-21 02:30:00+00:00,110.03125,110.0625,110.015625,110.046875,3846.0
2025-05-21 02:45:00+00:00,110.046875,110.046875,110.015625,110.03125,4071.0
2025-05-21 03:00:00+00:00,110.015625,110.046875,110.015625,110.03125,3314.0
2025-05-21 03:15:00+00:00,110.015625,110.03125,110.0,110.015625,4081.0
2025-05-21 03:30:00+00:00,110.03125,110.046875,110.0,110.03125,1098.0
2025-05-21 03:45:00+00:00,110.03125,110.03125,110.015625,110.015625,1290.0
2025-05-21 04:00:00+00:00,110.015625,110.046875,110.0,110.046875,2290.0
2025-05-21 04:15:00+00:00,110.03125,110.03125,110.015625,110.03125,1695.0
2025-05-21 04:30:00+00:00,110.015625,110.015625,110.0,110.015625,3160.0
2025-05-21 04:45:00+00:00,109.984375,110.03125,109.984375,110.03125,2817.0
2025-05-21 05:00:00+00:00,109.96875,109.984375,109.953125,109.984375,5057.0
2025-05-21 05:15:00+00:00,109.984375,110.0,109.96875,109.984375,2312.0
2025-05-21 05:30:00+00:00,109.984375,110.0,109.96875,109.984375,2278.0
2025-05-21 05:45:00+00:00,110.03125,110.046875,109.984375,109.984375,6248.0
2025-05-21 06:00:00+00:00,109.984375,110.03125,109.9375,110.03125,17161.0
2025-05-21 06:15:00+00:00,109.921875,109.96875,109.921875,109.96875,18837.0
2025-05-21 06:30:00+00:00,109.953125,109.984375,109.90625,109.9375,13069.0
2025-05-21 06:45:00+00:00,109.953125,109.96875,109.9375,109.953125,6902.0
2025-05-21 07:00:00+00:00,109.953125,109.984375,109.921875,109.9375,14726.0
2025-05-21 07:15:00+00:00,110.015625,110.03125,109.96875,109.96875,11396.0
2025-05-21 07:30:00+00:00,109.9375,110.0,109.9375,110.0,14934.0
2025-05-21 07:45:00+00:00,109.90625,109.953125,109.875,109.9375,21636.0
2025-05-21 08:00:00+00:00,109.875,109.921875,109.875,109.921875,9109.0
2025-05-21 08:15:00+00:00,109.875,109.890625,109.84375,109.875,13143.0
2025-05-21 08:30:00+00:00,109.859375,109.890625,109.859375,109.875,5302.0
2025-05-21 08:45:00+00:00,109.84375,109.875,109.84375,109.859375,4375.0
2025-05-21 09:00:00+00:00,109.8125,109.875,109.8125,109.859375,13208.0
2025-05-21 09:15:00+00:00,109.8125,109.828125,109.796875,109.828125,13926.0
2025-05-21 09:30:00+00:00,109.84375,109.859375,109.796875,109.8125,8198.0
2025-05-21 09:45:00+00:00,109.859375,109.875,109.828125,109.84375,10672.0
2025-05-21 10:00:00+00:00,109.875,109.875,109.84375,109.859375,10490.0
2025-05-21 10:15:00+00:00,109.859375,109.875,109.84375,109.859375,13531.0
2025-05-21 10:30:00+00:00,109.84375,109.875,109.8125,109.859375,15501.0
2025-05-21 10:45:00+00:00,109.859375,109.875,109.84375,109.859375,13586.0
2025-05-21 11:00:00+00:00,109.84375,109.890625,109.828125,109.859375,15043.0
2025-05-21 11:15:00+00:00,109.890625,109.90625,109.828125,109.84375,36640.0
2025-05-21 11:30:00+00:00,109.890625,109.921875,109.875,109.90625,46208.0
2025-05-21 11:45:00+00:00,109.875,109.90625,109.859375,109.890625,11300.0
2025-05-21 12:00:00+00:00,109.796875,109.890625,109.78125,109.875,31666.0
2025-05-21 12:15:00+00:00,109.828125,109.875,109.78125,109.796875,161175.0
2025-05-21 12:30:00+00:00,109.828125,109.875,109.8125,109.84375,61698.0
2025-05-21 12:45:00+00:00,109.84375,109.859375,109.8125,109.828125,56665.0
2025-05-21 13:00:00+00:00,109.8125,109.890625,109.796875,109.859375,36271.0
2025-05-21 13:15:00+00:00,109.78125,109.859375,109.78125,109.828125,80158.0
2025-05-21 13:30:00+00:00,109.84375,109.890625,109.78125,109.796875,49212.0
2025-05-21 13:45:00+00:00,109.859375,109.90625,109.828125,109.84375,40159.0
2025-05-21 14:00:00+00:00,109.90625,109.90625,109.8125,109.859375,34720.0
2025-05-21 14:15:00+00:00,109.90625,109.921875,109.875,109.90625,21303.0
2025-05-21 14:30:00+00:00,109.796875,109.90625,109.78125,109.890625,147062.0
2025-05-21 14:45:00+00:00,109.875,109.890625,109.765625,109.796875,67564.0
2025-05-21 15:00:00+00:00,109.90625,109.90625,109.84375,109.859375,31538.0
2025-05-21 15:15:00+00:00,109.84375,109.9375,109.84375,109.890625,73357.0
2025-05-21 15:30:00+00:00,109.859375,109.859375,109.8125,109.828125,29040.0
2025-05-21 15:45:00+00:00,109.796875,109.859375,109.796875,109.859375,38114.0
2025-05-21 16:00:00+00:00,109.8125,109.828125,109.765625,109.796875,40065.0
2025-05-21 16:15:00+00:00,109.828125,109.828125,109.796875,109.796875,10618.0
2025-05-21 16:30:00+00:00,109.796875,109.84375,109.796875,109.8125,17237.0
2025-05-21 16:45:00+00:00,109.8125,109.84375,109.78125,109.796875,26541.0
2025-05-21 17:00:00+00:00,109.65625,109.8125,109.640625,109.796875,222075.0
2025-05-21 17:15:00+00:00,109.53125,109.671875,109.515625,109.671875,164790.0
2025-05-21 17:30:00+00:00,109.5625,109.609375,109.421875,109.53125,130545.0
2025-05-21 17:45:00+00:00,109.515625,109.578125,109.5,109.5625,56282.0
2025-05-21 18:00:00+00:00,109.5625,109.59375,109.5,109.515625,54247.0
2025-05-21 18:15:00+00:00,109.546875,109.59375,109.53125,109.5625,29017.0
2025-05-21 18:30:00+00:00,109.59375,109.609375,109.53125,109.546875,35228.0
2025-05-21 18:45:00+00:00,109.5,109.609375,109.484375,109.578125,87170.0
2025-05-21 19:00:00+00:00,109.59375,109.59375,109.484375,109.515625,44436.0
2025-05-21 19:15:00+00:00,109.578125,109.625,109.5625,109.578125,32226.0
2025-05-21 19:30:00+00:00,109.5625,109.609375,109.546875,109.578125,22737.0
2025-05-21 19:45:00+00:00,109.5625,109.59375,109.5625,109.5625,27095.0
2025-05-21 20:00:00+00:00,109.515625,109.578125,109.5,109.578125,51370.0
2025-05-21 20:15:00+00:00,109.53125,109.53125,109.484375,109.515625,22626.0
2025-05-21 20:30:00+00:00,109.5,109.53125,109.484375,109.515625,11597.0
2025-05-21 20:45:00+00:00,109.453125,109.5,109.453125,109.5,7526.0
2025-05-21 22:00:00+00:00,109.453125,109.5,109.40625,109.453125,31501.0
2025-05-21 22:15:00+00:00,109.46875,109.46875,109.453125,109.453125,1410.0
2025-05-21 22:30:00+00:00,109.40625,109.46875,109.40625,109.46875,3072.0
2025-05-21 22:45:00+00:00,109.421875,109.453125,109.40625,109.421875,3888.0
2025-05-21 23:00:00+00:00,109.421875,109.4375,109.40625,109.421875,1875.0
2025-05-21 23:15:00+00:00,109.4375,109.4375,109.421875,109.4375,1712.0
2025-05-21 23:30:00+00:00,109.453125,109.46875,109.4375,109.4375,2808.0
2025-05-21 23:45:00+00:00,109.4375,109.453125,109.421875,109.453125,2259.0
2025-05-22 00:00:00+00:00,109.484375,109.484375,109.40625,109.4375,4501.0
2025-05-22 00:15:00+00:00,109.484375,109.5,109.453125,109.46875,5561.0
2025-05-22 00:30:00+00:00,109.5,109.5,109.46875,109.484375,1556.0
2025-05-22 00:45:00+00:00,109.484375,109.515625,109.484375,109.484375,3880.0
2025-05-22 01:00:00+00:00,109.484375,109.5,109.46875,109.5,2674.0
2025-05-22 01:15:00+00:00,109.53125,109.53125,109.46875,109.484375,6261.0
2025-05-22 01:30:00+00:00,109.5625,109.5625,109.515625,109.515625,7279.0
2025-05-22 01:45:00+00:00,109.53125,109.5625,109.53125,109.5625,3258.0
2025-05-22 02:00:00+00:00,109.5625,109.578125,109.53125,109.53125,4599.0
2025-05-22 02:15:00+00:00,109.5625,109.5625,109.546875,109.546875,1791.0
2025-05-22 02:30:00+00:00,109.5625,109.578125,109.546875,109.546875,2252.0
2025-05-22 02:45:00+00:00,109.546875,109.5625,109.546875,109.546875,1444.0
2025-05-22 03:00:00+00:00,109.546875,109.5625,109.53125,109.546875,3689.0
2025-05-22 03:15:00+00:00,109.53125,109.5625,109.53125,109.546875,3470.0
2025-05-22 03:30:00+00:00,109.53125,109.546875,109.515625,109.53125,2050.0
2025-05-22 03:45:00+00:00,109.578125,109.59375,109.53125,109.53125,5992.0
2025-05-22 04:00:00+00:00,109.5625,109.59375,109.5625,109.578125,2439.0
2025-05-22 04:15:00+00:00,109.578125,109.578125,109.5625,109.578125,1855.0
2025-05-22 04:30:00+00:00,109.515625,109.5625,109.515625,109.5625,3969.0
2025-05-22 04:45:00+00:00,109.546875,109.546875,109.53125,109.53125,1477.0
2025-05-22 05:00:00+00:00,109.546875,109.546875,109.53125,109.546875,5084.0
2025-05-22 05:15:00+00:00,109.5625,109.5625,109.53125,109.53125,9023.0
2025-05-22 05:30:00+00:00,109.546875,109.5625,109.546875,109.546875,3857.0
2025-05-22 05:45:00+00:00,109.515625,109.546875,109.515625,109.546875,6050.0
2025-05-22 06:00:00+00:00,109.5625,109.5625,109.5,109.515625,12423.0
2025-05-22 06:15:00+00:00,109.578125,109.609375,109.546875,109.5625,15569.0
2025-05-22 06:30:00+00:00,109.609375,109.625,109.5625,109.5625,13769.0
2025-05-22 06:45:00+00:00,109.625,109.65625,109.609375,109.625,21365.0
2025-05-22 07:00:00+00:00,109.65625,109.6875,109.609375,109.625,23724.0
2025-05-22 07:15:00+00:00,109.65625,109.65625,109.609375,109.65625,18522.0
2025-05-22 07:30:00+00:00,109.640625,109.71875,109.625,109.65625,32998.0
2025-05-22 07:45:00+00:00,109.625,109.65625,109.609375,109.625,12607.0
2025-05-22 08:00:00+00:00,109.59375,109.640625,109.5625,109.640625,16746.0
2025-05-22 08:15:00+00:00,109.5625,109.59375,109.546875,109.578125,13049.0
2025-05-22 08:30:00+00:00,109.625,109.625,109.5625,109.5625,33142.0
2025-05-22 08:45:00+00:00,109.671875,109.671875,109.59375,109.625,17235.0
2025-05-22 09:00:00+00:00,109.640625,109.6875,109.640625,109.65625,17261.0
2025-05-22 09:15:00+00:00,109.625,109.671875,109.625,109.640625,7424.0
2025-05-22 09:30:00+00:00,109.65625,109.671875,109.625,109.640625,11789.0
2025-05-22 09:45:00+00:00,109.640625,109.65625,109.609375,109.65625,7708.0
2025-05-22 10:00:00+00:00,109.65625,109.671875,109.625,109.625,6512.0
2025-05-22 10:15:00+00:00,109.625,109.640625,109.609375,109.625,12615.0
2025-05-22 10:30:00+00:00,109.625,109.625,109.59375,109.625,6168.0
2025-05-22 10:45:00+00:00,109.578125,109.65625,109.546875,109.625,56410.0
2025-05-22 11:00:00+00:00,109.5,109.578125,109.484375,109.578125,66137.0
2025-05-22 11:15:00+00:00,109.453125,109.53125,109.4375,109.5,73147.0
2025-05-22 11:30:00+00:00,109.484375,109.515625,109.453125,109.453125,37950.0
2025-05-22 11:45:00+00:00,109.46875,109.515625,109.4375,109.484375,127556.0
2025-05-22 12:00:00+00:00,109.53125,109.5625,109.4375,109.46875,83433.0
2025-05-22 12:15:00+00:00,109.46875,109.546875,109.453125,109.515625,103570.0
2025-05-22 12:30:00+00:00,109.46875,109.546875,109.40625,109.46875,181817.0
2025-05-22 12:45:00+00:00,109.640625,109.65625,109.46875,109.46875,106566.0
2025-05-22 13:00:00+00:00,109.65625,109.703125,109.625,109.640625,173072.0
2025-05-22 13:15:00+00:00,109.640625,109.65625,109.578125,109.65625,120404.0
2025-05-22 13:30:00+00:00,109.671875,109.6875,109.578125,109.640625,116421.0
2025-05-22 13:45:00+00:00,109.578125,109.65625,109.5,109.65625,127520.0
2025-05-22 14:00:00+00:00,109.640625,109.6875,109.5625,109.578125,104617.0
2025-05-22 14:15:00+00:00,109.640625,109.6875,109.578125,109.65625,70860.0
2025-05-22 14:30:00+00:00,109.625,109.65625,109.5625,109.625,68788.0
2025-05-22 14:45:00+00:00,109.671875,109.6875,109.578125,109.640625,68381.0
2025-05-22 15:00:00+00:00,109.625,109.6875,109.59375,109.671875,48126.0
2025-05-22 15:15:00+00:00,109.796875,109.796875,109.609375,109.640625,214891.0
2025-05-22 15:30:00+00:00,109.796875,109.84375,109.765625,109.78125,330621.0
2025-05-22 15:45:00+00:00,109.796875,109.828125,109.75,109.8125,62137.0
2025-05-22 16:00:00+00:00,109.890625,109.890625,109.78125,109.78125,138851.0
2025-05-22 16:15:00+00:00,109.890625,109.921875,109.859375,109.890625,72164.0
2025-05-22 16:30:00+00:00,109.828125,109.890625,109.828125,109.875,50052.0
2025-05-22 16:45:00+00:00,109.78125,109.828125,109.78125,109.8125,38437.0
2025-05-22 17:00:00+00:00,109.859375,109.859375,109.75,109.796875,31539.0
2025-05-22 17:15:00+00:00,109.859375,109.90625,109.828125,109.859375,230170.0
2025-05-22 17:30:00+00:00,109.84375,109.875,109.828125,109.859375,179779.0
2025-05-22 17:45:00+00:00,109.828125,109.859375,109.828125,109.84375,57718.0
2025-05-22 18:00:00+00:00,109.859375,109.859375,109.828125,109.828125,23624.0
2025-05-22 18:15:00+00:00,109.828125,109.859375,109.8125,109.859375,43901.0
2025-05-22 18:30:00+00:00,109.8125,109.84375,109.8125,109.8125,49926.0
2025-05-22 18:45:00+00:00,109.828125,109.859375,109.8125,109.8125,54419.0
2025-05-22 19:00:00+00:00,109.859375,109.859375,109.8125,109.8125,37902.0
2025-05-22 19:15:00+00:00,109.84375,109.890625,109.84375,109.84375,38876.0
2025-05-22 19:30:00+00:00,109.90625,109.921875,109.84375,109.84375,34678.0
2025-05-22 19:45:00+00:00,109.921875,109.9375,109.90625,109.921875,37846.0
2025-05-22 20:00:00+00:00,109.90625,109.921875,109.859375,109.921875,46764.0
2025-05-22 20:15:00+00:00,109.921875,109.9375,109.890625,109.890625,34334.0
2025-05-22 20:30:00+00:00,109.96875,110.0,109.921875,109.921875,51583.0
2025-05-22 20:45:00+00:00,109.96875,109.984375,109.9375,109.984375,13219.0
2025-05-22 22:00:00+00:00,109.984375,109.984375,109.9375,109.953125,2040.0
2025-05-22 22:15:00+00:00,109.953125,109.96875,109.953125,109.96875,1707.0
2025-05-22 22:30:00+00:00,109.953125,109.953125,109.9375,109.953125,494.0
2025-05-22 22:45:00+00:00,109.953125,109.96875,109.953125,109.953125,1097.0
2025-05-22 23:00:00+00:00,109.96875,110.0,109.96875,109.96875,1785.0
2025-05-22 23:15:00+00:00,109.96875,109.984375,109.953125,109.96875,622.0
2025-05-22 23:30:00+00:00,109.953125,109.96875,109.953125,109.96875,362.0
2025-05-22 23:45:00+00:00,109.9375,109.953125,109.9375,109.953125,2417.0
2025-05-23 00:00:00+00:00,109.9375,109.9375,109.90625,109.921875,3163.0
2025-05-23 00:15:00+00:00,109.953125,109.953125,109.90625,109.9375,1767.0
2025-05-23 00:30:00+00:00,109.96875,109.984375,109.9375,109.9375,2626.0
2025-05-23 00:45:00+00:00,110.0,110.0,109.96875,109.984375,3974.0
2025-05-23 01:00:00+00:00,110.03125,110.078125,109.984375,110.0,14710.0
2025-05-23 01:15:00+00:00,110.015625,110.046875,110.015625,110.03125,4010.0
2025-05-23 01:30:00+00:00,110.015625,110.015625,110.0,110.015625,1594.0
2025-05-23 01:45:00+00:00,110.03125,110.046875,110.015625,110.015625,3385.0
2025-05-23 02:00:00+00:00,109.96875,110.03125,109.96875,110.03125,4377.0
2025-05-23 02:15:00+00:00,109.984375,109.984375,109.953125,109.96875,3456.0
2025-05-23 02:30:00+00:00,109.984375,110.0,109.96875,109.984375,2853.0
2025-05-23 02:45:00+00:00,109.984375,110.0,109.96875,109.96875,1144.0
2025-05-23 03:00:00+00:00,109.921875,110.0,109.921875,109.984375,4669.0
2025-05-23 03:15:00+00:00,109.921875,109.9375,109.90625,109.9375,1385.0
2025-05-23 03:30:00+00:00,109.9375,109.953125,109.921875,109.921875,3482.0
2025-05-23 03:45:00+00:00,109.96875,109.96875,109.921875,109.9375,1324.0
2025-05-23 04:00:00+00:00,109.953125,109.96875,109.9375,109.953125,1550.0
2025-05-23 04:15:00+00:00,109.953125,109.953125,109.9375,109.953125,854.0
2025-05-23 04:30:00+00:00,109.953125,109.953125,109.9375,109.953125,1716.0
2025-05-23 04:45:00+00:00,109.953125,109.96875,109.9375,109.953125,1886.0
2025-05-23 05:00:00+00:00,109.9375,109.96875,109.921875,109.953125,2771.0
2025-05-23 05:15:00+00:00,109.90625,109.9375,109.890625,109.921875,2245.0
2025-05-23 05:30:00+00:00,109.90625,109.921875,109.890625,109.90625,5445.0
2025-05-23 05:45:00+00:00,109.90625,109.90625,109.890625,109.90625,3043.0
2025-05-23 06:00:00+00:00,109.90625,109.921875,109.890625,109.90625,5243.0
2025-05-23 06:15:00+00:00,109.96875,109.984375,109.90625,109.90625,12113.0
2025-05-23 06:30:00+00:00,110.046875,110.0625,109.953125,109.953125,13422.0
2025-05-23 06:45:00+00:00,110.109375,110.109375,110.03125,110.03125,16523.0
2025-05-23 07:00:00+00:00,110.0625,110.109375,110.015625,110.09375,13585.0
2025-05-23 07:15:00+00:00,110.0625,110.078125,110.03125,110.0625,17070.0
2025-05-23 07:30:00+00:00,110.015625,110.09375,110.015625,110.0625,72240.0
2025-05-23 07:45:00+00:00,110.046875,110.0625,110.015625,110.03125,10790.0
2025-05-23 08:00:00+00:00,110.03125,110.0625,110.0,110.03125,15870.0
2025-05-23 08:15:00+00:00,110.0,110.0625,110.0,110.0469970703125,9278.0
2025-05-23 08:30:00+00:00,110.015625,110.03125,109.984375,110.015625,7364.0
2025-05-23 08:45:00+00:00,110.015625,110.03125,109.984375,110.0,23283.0
2025-05-23 09:00:00+00:00,110.046875,110.046875,109.96875,110.015625,23345.0
2025-05-23 09:15:00+00:00,110.03125,110.046875,110.0,110.046875,8769.0
2025-05-23 09:30:00+00:00,110.015625,110.03125,109.96875,110.015625,15550.0
2025-05-23 09:45:00+00:00,109.96875,110.03125,109.953125,110.0,72882.0
2025-05-23 10:00:00+00:00,109.984375,109.984375,109.9375,109.953125,9528.0
2025-05-23 10:15:00+00:00,109.953125,109.984375,109.921875,109.96875,8727.0
2025-05-23 10:30:00+00:00,109.953125,109.984375,109.9375,109.9375,8861.0
2025-05-23 10:45:00+00:00,109.953125,109.96875,109.921875,109.9375,13434.0
2025-05-23 11:00:00+00:00,109.984375,110.0,109.9375,109.953125,12599.0
2025-05-23 11:15:00+00:00,110.109375,110.140625,109.984375,109.984375,90805.0
2025-05-23 11:30:00+00:00,110.3125,110.34375,110.09375,110.109375,185699.0
2025-05-23 11:45:00+00:00,110.453125,110.5,110.3125,110.3125,183681.0
2025-05-23 12:00:00+00:00,110.390625,110.546875,110.375,110.46875,156044.0
2025-05-23 12:15:00+00:00,110.296875,110.421875,110.265625,110.40625,176657.0
2025-05-23 12:30:00+00:00,110.34375,110.34375,110.28125,110.28125,140289.0
2025-05-23 12:45:00+00:00,110.34375,110.375,110.28125,110.34375,58801.0
2025-05-23 13:00:00+00:00,110.4375,110.4375,110.3125,110.34375,77642.0
2025-05-23 13:15:00+00:00,110.3125,110.46875,110.296875,110.4375,94088.0
2025-05-23 13:30:00+00:00,110.1875,110.328125,110.15625,110.296875,280813.0
2025-05-23 13:45:00+00:00,110.140625,110.234375,110.140625,110.203125,67850.0
2025-05-23 14:00:00+00:00,110.09375,110.15625,110.0625,110.140625,91033.0
2025-05-23 14:15:00+00:00,110.109375,110.15625,110.0625,110.078125,71185.0
2025-05-23 14:30:00+00:00,110.078125,110.125,110.046875,110.09375,57503.0
2025-05-23 14:45:00+00:00,110.125,110.171875,110.0625,110.078125,182585.0
2025-05-23 15:00:00+00:00,110.046875,110.125,110.015625,110.125,126877.0
2025-05-23 15:15:00+00:00,110.078125,110.078125,110.015625,110.046875,42785.0
2025-05-23 15:30:00+00:00,110.125,110.140625,110.015625,110.0625,128770.0
2025-05-23 15:45:00+00:00,110.25,110.25,110.109375,110.125,57000.0
2025-05-23 16:00:00+00:00,110.1875,110.25,110.171875,110.25,62317.0
2025-05-23 16:15:00+00:00,110.078125,110.203125,110.0625,110.203125,67147.0
2025-05-23 16:30:00+00:00,110.09375,110.125,110.03125,110.078125,106394.0
2025-05-23 16:45:00+00:00,110.078125,110.109375,110.03125,110.09375,308743.0
2025-05-23 17:00:00+00:00,110.125,110.15625,110.078125,110.078125,58543.0
2025-05-23 17:15:00+00:00,110.140625,110.15625,110.109375,110.109375,17374.0
2025-05-23 17:30:00+00:00,110.109375,110.171875,110.078125,110.15625,15764.0
2025-05-23 17:45:00+00:00,110.046875,110.109375,110.046875,110.09375,19026.0
2025-05-23 18:00:00+00:00,110.0625,110.078125,110.03125,110.046875,9017.0
2025-05-23 18:15:00+00:00,110.125,110.140625,110.046875,110.0625,45719.0
2025-05-23 18:30:00+00:00,110.09375,110.125,110.09375,110.109375,8217.0
2025-05-23 18:45:00+00:00,110.109375,110.125,110.078125,110.09375,15352.0
2025-05-23 19:00:00+00:00,110.078125,110.125,110.078125,110.09375,219106.0
2025-05-23 19:15:00+00:00,110.125,110.140625,110.078125,110.09375,17731.0
2025-05-23 19:30:00+00:00,110.125,110.140625,110.125,110.125,2523.0
2025-05-23 19:45:00+00:00,110.125,110.171875,110.125,110.140625,31095.0
2025-05-23 20:00:00+00:00,110.09375,110.140625,110.078125,110.140625,9416.0
2025-05-23 20:15:00+00:00,110.09375,110.09375,110.078125,110.078125,636.0
2025-05-23 20:30:00+00:00,110.078125,110.09375,110.0625,110.09375,53213.0
2025-05-23 20:45:00+00:00,110.0625,110.09375,110.046875,110.0625,7730.0
2025-05-25 22:00:00+00:00,109.84375,110.078125,109.8125,110.078125,25318.0
2025-05-25 22:15:00+00:00,109.8125,109.859375,109.78125,109.84375,7869.0
2025-05-25 22:30:00+00:00,109.828125,109.859375,109.8125,109.8125,2515.0
2025-05-25 22:45:00+00:00,109.8125,109.828125,109.78125,109.828125,963.0
2025-05-25 23:00:00+00:00,109.828125,109.828125,109.78125,109.8125,2438.0
2025-05-25 23:15:00+00:00,109.78125,109.828125,109.765625,109.828125,1500.0
2025-05-25 23:30:00+00:00,109.796875,109.8125,109.765625,109.78125,1326.0
2025-05-25 23:45:00+00:00,109.78125,109.796875,109.765625,109.78125,1273.0
2025-05-26 00:00:00+00:00,109.78125,109.8125,109.78125,109.796875,2188.0
2025-05-26 00:15:00+00:00,109.84375,109.859375,109.765625,109.796875,3884.0
2025-05-26 00:30:00+00:00,109.828125,109.84375,109.828125,109.84375,1886.0
2025-05-26 00:45:00+00:00,109.890625,109.890625,109.828125,109.84375,2434.0
2025-05-26 01:00:00+00:00,109.859375,109.90625,109.84375,109.890625,16525.0
2025-05-26 01:15:00+00:00,109.875,109.890625,109.84375,109.859375,2320.0
2025-05-26 01:30:00+00:00,109.859375,109.890625,109.859375,109.875,2120.0
2025-05-26 01:45:00+00:00,109.875,109.890625,109.859375,109.859375,3036.0
2025-05-26 02:00:00+00:00,109.875,109.890625,109.875,109.875,515.0
2025-05-26 02:15:00+00:00,109.859375,109.875,109.84375,109.875,925.0
2025-05-26 02:30:00+00:00,109.875,109.875,109.859375,109.859375,25555.0
2025-05-26 02:45:00+00:00,109.859375,109.890625,109.859375,109.875,657.0
2025-05-26 03:00:00+00:00,109.859375,109.875,109.84375,109.859375,1341.0
2025-05-26 03:15:00+00:00,109.875,109.890625,109.859375,109.875,1452.0
2025-05-26 03:30:00+00:00,109.90625,109.921875,109.890625,109.890625,1620.0
2025-05-26 03:45:00+00:00,109.875,109.90625,109.875,109.90625,865.0
2025-05-26 04:00:00+00:00,109.890625,109.90625,109.875,109.875,1421.0
2025-05-26 04:15:00+00:00,109.875,109.890625,109.875,109.890625,1533.0
2025-05-26 04:30:00+00:00,109.859375,109.875,109.84375,109.875,1048.0
2025-05-26 04:45:00+00:00,109.859375,109.859375,109.84375,109.859375,828.0
2025-05-26 05:00:00+00:00,109.828125,109.84375,109.8125,109.84375,1835.0
2025-05-26 05:15:00+00:00,109.84375,109.859375,109.828125,109.828125,648.0
2025-05-26 05:30:00+00:00,109.859375,109.875,109.84375,109.84375,710.0
2025-05-26 05:45:00+00:00,109.890625,109.890625,109.859375,109.875,1371.0
2025-05-26 06:00:00+00:00,109.84375,109.890625,109.84375,109.890625,2426.0
2025-05-26 06:15:00+00:00,109.859375,109.875,109.8125,109.84375,2324.0
2025-05-26 06:30:00+00:00,109.859375,109.875,109.84375,109.859375,4080.0
2025-05-26 06:45:00+00:00,109.859375,109.859375,109.828125,109.859375,2850.0
2025-05-26 07:00:00+00:00,109.890625,109.890625,109.84375,109.84375,2801.0
2025-05-26 07:15:00+00:00,109.859375,109.90625,109.859375,109.875,4889.0
2025-05-26 07:30:00+00:00,109.875,109.890625,109.84375,109.84375,1890.0
2025-05-26 07:45:00+00:00,109.828125,109.859375,109.8125,109.859375,3433.0
2025-05-26 08:00:00+00:00,109.8125,109.84375,109.796875,109.8125,3755.0
2025-05-26 08:15:00+00:00,109.8125,109.828125,109.8125,109.828125,1639.0
2025-05-26 08:30:00+00:00,109.90625,109.90625,109.8125,109.828125,4829.0
2025-05-26 08:45:00+00:00,109.921875,109.921875,109.90625,109.90625,4604.0
2025-05-26 09:00:00+00:00,109.90625,109.921875,109.890625,109.921875,3100.0
2025-05-26 09:15:00+00:00,109.9375,109.9375,109.890625,109.90625,5132.0
2025-05-26 09:30:00+00:00,109.9375,109.953125,109.921875,109.921875,6568.0
2025-05-26 09:45:00+00:00,109.953125,109.953125,109.921875,109.9375,1447.0
2025-05-26 10:00:00+00:00,109.953125,109.953125,109.9375,109.9375,1578.0
2025-05-26 10:15:00+00:00,109.9375,109.953125,109.921875,109.9375,1223.0
2025-05-26 10:30:00+00:00,109.921875,109.9375,109.90625,109.921875,1740.0
2025-05-26 10:45:00+00:00,109.90625,109.921875,109.90625,109.921875,326.0
2025-05-26 11:00:00+00:00,109.90625,109.921875,109.90625,109.90625,696.0
2025-05-26 11:15:00+00:00,109.90625,109.921875,109.90625,109.90625,2022.0
2025-05-26 11:30:00+00:00,109.890625,109.921875,109.890625,109.90625,986.0
2025-05-26 11:45:00+00:00,109.890625,109.90625,109.875,109.890625,2086.0
2025-05-26 12:00:00+00:00,109.9375,109.953125,109.890625,109.890625,6529.0
2025-05-26 12:15:00+00:00,109.921875,109.953125,109.921875,109.921875,37196.0
2025-05-26 12:30:00+00:00,109.953125,109.96875,109.921875,109.9375,7107.0
2025-05-26 12:45:00+00:00,109.984375,109.984375,109.953125,109.953125,4303.0
2025-05-26 13:00:00+00:00,110.015625,110.015625,109.96875,109.984375,6401.0
2025-05-26 13:15:00+00:00,110.015625,110.03125,110.0,110.015625,30987.0
2025-05-26 13:30:00+00:00,109.984375,110.03125,109.984375,110.015625,2597.0
2025-05-26 13:45:00+00:00,110.015625,110.03125,110.0,110.0,2776.0
2025-05-26 14:00:00+00:00,110.046875,110.0625,110.015625,110.03125,3233.0
2025-05-26 14:15:00+00:00,110.0625,110.078125,110.03125,110.046875,5444.0
2025-05-26 14:30:00+00:00,110.09375,110.09375,110.046875,110.0625,4981.0
2025-05-26 14:45:00+00:00,110.0625,110.09375,110.046875,110.09375,4379.0
2025-05-26 15:00:00+00:00,110.0625,110.078125,110.046875,110.0625,6349.0
2025-05-26 15:15:00+00:00,110.046875,110.0625,110.046875,110.0625,7852.0
2025-05-26 15:30:00+00:00,110.078125,110.09375,110.0625,110.0625,2310.0
2025-05-26 15:45:00+00:00,110.046875,110.078125,110.046875,110.078125,3032.0
2025-05-26 16:00:00+00:00,110.078125,110.078125,110.046875,110.046875,2016.0
2025-05-26 16:15:00+00:00,110.0625,110.09375,110.0625,110.09375,1397.0
2025-05-26 16:30:00+00:00,110.078125,110.078125,110.046875,110.0625,1982.0
2025-05-26 16:45:00+00:00,110.078125,110.09375,110.078125,110.078125,3080.0
2025-05-26 22:00:00+00:00,110.078125,110.09375,110.03125,110.09375,1207.0
2025-05-26 22:15:00+00:00,110.0625,110.09375,110.046875,110.078125,742.0
2025-05-26 22:30:00+00:00,110.09375,110.09375,110.046875,110.046875,1652.0
2025-05-26 22:45:00+00:00,110.09375,110.09375,110.078125,110.09375,254.0
2025-05-26 23:00:00+00:00,110.046875,110.109375,110.046875,110.09375,269.0
2025-05-26 23:15:00+00:00,110.046875,110.046875,110.03125,110.046875,850.0
2025-05-26 23:30:00+00:00,110.078125,110.078125,110.046875,110.046875,2063.0
2025-05-26 23:45:00+00:00,110.078125,110.09375,110.078125,110.078125,1879.0
2025-05-27 00:00:00+00:00,110.140625,110.171875,110.078125,110.078125,10343.0
2025-05-27 00:15:00+00:00,110.171875,110.171875,110.125,110.140625,6145.0
2025-05-27 00:30:00+00:00,110.15625,110.171875,110.140625,110.15625,4351.0
2025-05-27 00:45:00+00:00,110.09375,110.15625,110.09375,110.15625,4541.0
2025-05-27 01:00:00+00:00,110.1875,110.1875,110.09375,110.109375,4610.0
2025-05-27 01:15:00+00:00,110.171875,110.203125,110.171875,110.171875,6258.0
2025-05-27 01:30:00+00:00,110.171875,110.1875,110.15625,110.171875,5868.0
2025-05-27 01:45:00+00:00,110.171875,110.1875,110.15625,110.1875,3841.0
2025-05-27 02:00:00+00:00,110.203125,110.203125,110.171875,110.1875,47153.0
2025-05-27 02:15:00+00:00,110.1875,110.21875,110.1875,110.203125,2383.0
2025-05-27 02:30:00+00:00,110.1875,110.203125,110.171875,110.1875,1876.0
2025-05-27 02:45:00+00:00,110.1875,110.203125,110.171875,110.171875,3721.0
2025-05-27 03:00:00+00:00,110.1875,110.203125,110.171875,110.1875,2344.0
2025-05-27 03:15:00+00:00,110.21875,110.21875,110.203125,110.203125,2465.0
2025-05-27 03:30:00+00:00,110.21875,110.234375,110.203125,110.21875,2167.0
2025-05-27 03:45:00+00:00,110.21875,110.234375,110.1875,110.203125,1188.0
2025-05-27 04:00:00+00:00,110.203125,110.234375,110.203125,110.21875,1555.0
2025-05-27 04:15:00+00:00,110.203125,110.21875,110.203125,110.203125,8058.0
2025-05-27 04:30:00+00:00,110.21875,110.234375,110.203125,110.21875,3023.0
2025-05-27 04:45:00+00:00,110.265625,110.265625,110.234375,110.234375,4266.0
2025-05-27 05:00:00+00:00,110.3125,110.3125,110.265625,110.265625,10329.0
2025-05-27 05:15:00+00:00,110.3125,110.328125,110.28125,110.296875,16774.0
2025-05-27 05:30:00+00:00,110.328125,110.328125,110.296875,110.3125,8934.0
2025-05-27 05:45:00+00:00,110.28125,110.34375,110.28125,110.328125,7610.0
2025-05-27 06:00:00+00:00,110.265625,110.328125,110.25,110.265625,7652.0
2025-05-27 06:15:00+00:00,110.265625,110.28125,110.234375,110.265625,8726.0
2025-05-27 06:30:00+00:00,110.3125,110.328125,110.265625,110.28125,9774.0
2025-05-27 06:45:00+00:00,110.375,110.375,110.3125,110.3125,33208.0
2025-05-27 07:00:00+00:00,110.359375,110.40625,110.34375,110.375,29408.0
2025-05-27 07:15:00+00:00,110.34375,110.390625,110.328125,110.359375,23931.0
2025-05-27 07:30:00+00:00,110.359375,110.359375,110.3125,110.34375,16104.0
2025-05-27 07:45:00+00:00,110.375,110.375,110.3125,110.359375,16233.0
2025-05-27 08:00:00+00:00,110.359375,110.390625,110.328125,110.375,12222.0
2025-05-27 08:15:00+00:00,110.328125,110.34375,110.3125,110.34375,18722.0
2025-05-27 08:30:00+00:00,110.3125,110.34375,110.3125,110.328125,37293.0
2025-05-27 08:45:00+00:00,110.296875,110.328125,110.28125,110.328125,53884.0
2025-05-27 09:00:00+00:00,110.28125,110.296875,110.25,110.296875,25879.0
2025-05-27 09:15:00+00:00,110.3125,110.3125,110.265625,110.28125,13193.0
2025-05-27 09:30:00+00:00,110.296875,110.3125,110.265625,110.296875,21115.0
2025-05-27 09:45:00+00:00,110.3125,110.3125,110.28125,110.296875,11088.0
2025-05-27 10:00:00+00:00,110.3125,110.328125,110.28125,110.3125,12087.0
2025-05-27 10:15:00+00:00,110.296875,110.3125,110.28125,110.296875,17678.0
2025-05-27 10:30:00+00:00,110.328125,110.328125,110.265625,110.296875,16974.0
2025-05-27 10:45:00+00:00,110.3125,110.34375,110.28125,110.328125,13138.0
2025-05-27 11:00:00+00:00,110.296875,110.328125,110.28125,110.3125,12234.0
2025-05-27 11:15:00+00:00,110.265625,110.296875,110.25,110.296875,38809.0
2025-05-27 11:30:00+00:00,110.234375,110.296875,110.234375,110.265625,288880.0
2025-05-27 11:45:00+00:00,110.28125,110.296875,110.234375,110.25,42696.0
2025-05-27 12:00:00+00:00,110.25,110.28125,110.21875,110.28125,57848.0
2025-05-27 12:15:00+00:00,110.21875,110.28125,110.171875,110.25,50717.0
2025-05-27 12:30:00+00:00,110.296875,110.328125,110.203125,110.21875,195534.0
2025-05-27 12:45:00+00:00,110.28125,110.3125,110.265625,110.296875,167464.0
2025-05-27 13:00:00+00:00,110.28125,110.296875,110.25,110.28125,49590.0
2025-05-27 13:15:00+00:00,110.296875,110.296875,110.234375,110.28125,327133.0
2025-05-27 13:30:00+00:00,110.25,110.3125,110.21875,110.28125,138893.0
2025-05-27 13:45:00+00:00,110.234375,110.265625,110.21875,110.265625,99029.0
2025-05-27 14:00:00+00:00,110.28125,110.296875,110.15625,110.234375,133961.0
2025-05-27 14:15:00+00:00,110.359375,110.375,110.265625,110.28125,65141.0
2025-05-27 14:30:00+00:00,110.296875,110.390625,110.296875,110.375,162830.0
2025-05-27 14:45:00+00:00,110.328125,110.359375,110.3125,110.3125,37080.0
2025-05-27 15:00:00+00:00,110.34375,110.375,110.3125,110.328125,43823.0
2025-05-27 15:15:00+00:00,110.40625,110.421875,110.328125,110.34375,58871.0
2025-05-27 15:30:00+00:00,110.421875,110.4375,110.390625,110.40625,61872.0
2025-05-27 15:45:00+00:00,110.453125,110.46875,110.375,110.421875,54125.0
2025-05-27 16:00:00+00:00,110.46875,110.484375,110.421875,110.453125,33676.0
2025-05-27 16:15:00+00:00,110.484375,110.515625,110.46875,110.484375,65575.0
2025-05-27 16:30:00+00:00,110.484375,110.515625,110.453125,110.46875,33159.0
2025-05-27 16:45:00+00:00,110.453125,110.5,110.453125,110.484375,155717.0
2025-05-27 17:00:00+00:00,110.453125,110.5,110.4375,110.453125,98106.0
2025-05-27 17:15:00+00:00,110.421875,110.46875,110.40625,110.4375,46635.0
2025-05-27 17:30:00+00:00,110.453125,110.46875,110.40625,110.421875,53816.0
2025-05-27 17:45:00+00:00,110.484375,110.484375,110.4375,110.453125,70611.0
2025-05-27 18:00:00+00:00,110.484375,110.5,110.453125,110.46875,22964.0
2025-05-27 18:15:00+00:00,110.515625,110.53125,110.484375,110.484375,45273.0
2025-05-27 18:30:00+00:00,110.484375,110.53125,110.484375,110.515625,28385.0
2025-05-27 18:45:00+00:00,110.5,110.53125,110.484375,110.5,168239.0
2025-05-27 19:00:00+00:00,110.53125,110.5625,110.5,110.5,212347.0
2025-05-27 19:15:00+00:00,110.484375,110.546875,110.484375,110.53125,29465.0
2025-05-27 19:30:00+00:00,110.453125,110.515625,110.453125,110.5,24207.0
2025-05-27 19:45:00+00:00,110.4375,110.46875,110.4375,110.453125,24951.0
2025-05-27 20:00:00+00:00,110.40625,110.453125,110.375,110.453125,48200.0
2025-05-27 20:15:00+00:00,110.4375,110.4375,110.390625,110.390625,22999.0
2025-05-27 20:30:00+00:00,110.4375,110.453125,110.421875,110.4375,15482.0
2025-05-27 20:45:00+00:00,110.421875,110.453125,110.421875,110.4375,8870.0
2025-05-27 22:00:00+00:00,110.453125,110.46875,110.40625,110.421875,1139.0
2025-05-27 22:15:00+00:00,110.453125,110.453125,110.4375,110.453125,533.0
2025-05-27 22:30:00+00:00,110.453125,110.46875,110.453125,110.453125,213.0
2025-05-27 22:45:00+00:00,110.4375,110.453125,110.4375,110.453125,165.0
2025-05-27 23:00:00+00:00,110.4375,110.4375,110.421875,110.4375,2684.0
2025-05-27 23:15:00+00:00,110.4375,110.4375,110.421875,110.421875,763.0
2025-05-27 23:30:00+00:00,110.421875,110.421875,110.421875,110.421875,2177.0
2025-05-27 23:45:00+00:00,110.421875,110.4375,110.40625,110.421875,1466.0
2025-05-28 00:00:00+00:00,110.375,110.4375,110.375,110.4375,1383.0
2025-05-28 00:15:00+00:00,110.390625,110.40625,110.375,110.375,2264.0
2025-05-28 00:30:00+00:00,110.375,110.390625,110.359375,110.390625,4620.0
2025-05-28 00:45:00+00:00,110.34375,110.375,110.34375,110.375,1419.0
2025-05-28 01:00:00+00:00,110.296875,110.34375,110.296875,110.34375,3562.0
2025-05-28 01:15:00+00:00,110.3125,110.328125,110.28125,110.296875,7129.0
2025-05-28 01:30:00+00:00,110.328125,110.34375,110.296875,110.296875,2550.0
2025-05-28 01:45:00+00:00,110.328125,110.34375,110.3125,110.328125,2360.0
2025-05-28 02:00:00+00:00,110.328125,110.328125,110.3125,110.3125,1036.0
2025-05-28 02:15:00+00:00,110.328125,110.328125,110.3125,110.328125,480.0
2025-05-28 02:30:00+00:00,110.328125,110.34375,110.328125,110.34375,229.0
2025-05-28 02:45:00+00:00,110.3125,110.328125,110.296875,110.328125,7651.0
2025-05-28 03:00:00+00:00,110.296875,110.328125,110.296875,110.3125,850.0
2025-05-28 03:15:00+00:00,110.296875,110.296875,110.28125,110.296875,2120.0
2025-05-28 03:30:00+00:00,110.296875,110.3125,110.28125,110.296875,4367.0
2025-05-28 03:45:00+00:00,110.296875,110.3125,110.28125,110.3125,4410.0
2025-05-28 04:00:00+00:00,110.296875,110.3125,110.28125,110.296875,2612.0
2025-05-28 04:15:00+00:00,110.234375,110.296875,110.234375,110.28125,3208.0
2025-05-28 04:30:00+00:00,110.25,110.265625,110.234375,110.234375,3188.0
2025-05-28 04:45:00+00:00,110.25,110.25,110.234375,110.234375,944.0
2025-05-28 05:00:00+00:00,110.25,110.265625,110.234375,110.234375,1766.0
2025-05-28 05:15:00+00:00,110.25,110.265625,110.234375,110.234375,1921.0
2025-05-28 05:30:00+00:00,110.25,110.265625,110.25,110.25,1882.0
2025-05-28 05:45:00+00:00,110.265625,110.28125,110.25,110.25,3274.0
2025-05-28 06:00:00+00:00,110.25,110.296875,110.25,110.265625,3230.0
2025-05-28 06:15:00+00:00,110.28125,110.28125,110.234375,110.25,4440.0
2025-05-28 06:30:00+00:00,110.3125,110.3125,110.265625,110.265625,8037.0
2025-05-28 06:45:00+00:00,110.3125,110.328125,110.265625,110.3125,4539.0
2025-05-28 07:00:00+00:00,110.328125,110.34375,110.296875,110.296875,7692.0
2025-05-28 07:15:00+00:00,110.328125,110.34375,110.3125,110.34375,6493.0
2025-05-28 07:30:00+00:00,110.3125,110.359375,110.28125,110.328125,5852.0
2025-05-28 07:45:00+00:00,110.328125,110.328125,110.265625,110.3125,14261.0
2025-05-28 08:00:00+00:00,110.296875,110.328125,110.28125,110.3125,9170.0
2025-05-28 08:15:00+00:00,110.3125,110.359375,110.28125,110.296875,6876.0
2025-05-28 08:30:00+00:00,110.359375,110.359375,110.296875,110.359375,7257.0
2025-05-28 08:45:00+00:00,110.34375,110.359375,110.28125,110.34375,7044.0
2025-05-28 09:00:00+00:00,110.296875,110.34375,110.265625,110.328125,6828.0
2025-05-28 09:15:00+00:00,110.328125,110.34375,110.28125,110.328125,4772.0
2025-05-28 09:30:00+00:00,110.3125,110.34375,110.265625,110.34375,6264.0
2025-05-28 09:45:00+00:00,110.296875,110.359375,110.265625,110.328125,2935.0
2025-05-28 10:00:00+00:00,110.328125,110.359375,110.28125,110.359375,5073.0
2025-05-28 10:15:00+00:00,110.3125,110.359375,110.265625,110.3125,4588.0
2025-05-28 10:30:00+00:00,110.296875,110.3125,110.265625,110.265625,2933.0
2025-05-28 10:45:00+00:00,110.28125,110.328125,110.25,110.296875,5548.0
2025-05-28 11:00:00+00:00,110.3125,110.34375,110.265625,110.28125,4810.0
2025-05-28 11:15:00+00:00,110.359375,110.375,110.296875,110.296875,11894.0
2025-05-28 11:30:00+00:00,110.328125,110.390625,110.296875,110.375,8032.0
2025-05-28 11:45:00+00:00,110.40625,110.421875,110.328125,110.375,18203.0
2025-05-28 12:00:00+00:00,110.5,110.53125,110.359375,110.40625,127864.0
2025-05-28 12:15:00+00:00,110.5,110.53125,110.4375,110.5,30142.0
2025-05-28 12:30:00+00:00,110.46875,110.515625,110.375,110.515625,53918.0
2025-05-28 12:45:00+00:00,110.46875,110.5,110.40625,110.46875,44709.0
2025-05-28 13:00:00+00:00,110.328125,110.484375,110.28125,110.484375,118096.0
2025-05-28 13:15:00+00:00,110.296875,110.34375,110.21875,110.328125,116912.0
2025-05-28 13:30:00+00:00,110.265625,110.375,110.25,110.25,43203.0
2025-05-28 13:45:00+00:00,110.1875,110.296875,110.1875,110.265625,117019.0
2025-05-28 14:00:00+00:00,110.265625,110.28125,110.171875,110.171875,166814.0
2025-05-28 14:15:00+00:00,110.265625,110.296875,110.203125,110.265625,17507.0
2025-05-28 14:30:00+00:00,110.234375,110.296875,110.203125,110.265625,22393.0
2025-05-28 14:45:00+00:00,110.15625,110.25,110.140625,110.234375,29889.0
2025-05-28 15:00:00+00:00,110.15625,110.1875,110.109375,110.15625,171261.0
2025-05-28 15:15:00+00:00,110.234375,110.25,110.15625,110.15625,197683.0
2025-05-28 15:30:00+00:00,110.125,110.234375,110.109375,110.234375,196654.0
2025-05-28 15:45:00+00:00,110.140625,110.1875,110.109375,110.15625,397461.0
2025-05-28 16:00:00+00:00,110.171875,110.203125,110.109375,110.140625,85662.0
2025-05-28 16:15:00+00:00,110.140625,110.1875,110.109375,110.15625,219197.0
2025-05-28 16:30:00+00:00,110.140625,110.171875,110.09375,110.140625,220455.0
2025-05-28 16:45:00+00:00,110.140625,110.171875,110.109375,110.140625,12936.0
2025-05-28 17:00:00+00:00,110.234375,110.265625,110.109375,110.15625,261001.0
2025-05-28 17:15:00+00:00,110.234375,110.265625,110.1875,110.21875,10433.0
2025-05-28 17:30:00+00:00,110.203125,110.21875,110.15625,110.21875,386577.0
2025-05-28 17:45:00+00:00,110.171875,110.203125,110.125,110.1875,286713.0
2025-05-28 18:00:00+00:00,110.203125,110.265625,110.125,110.140625,38030.0
2025-05-28 18:15:00+00:00,110.203125,110.25,110.15625,110.25,304972.0
2025-05-28 18:30:00+00:00,110.203125,110.25,110.15625,110.1875,12319.0
2025-05-28 18:45:00+00:00,110.21875,110.265625,110.171875,110.21875,92829.0
2025-05-28 19:00:00+00:00,110.25,110.265625,110.1875,110.21875,381268.0
2025-05-28 19:15:00+00:00,110.234375,110.28125,110.203125,110.234375,10104.0
2025-05-28 19:30:00+00:00,110.234375,110.265625,110.1875,110.25,362931.0
2025-05-28 19:45:00+00:00,110.203125,110.25,110.15625,110.21875,12946.0
2025-05-28 20:00:00+00:00,110.234375,110.296875,110.203125,110.234375,401229.0
2025-05-28 20:15:00+00:00,110.265625,110.296875,110.21875,110.28125,799753.0
2025-05-28 20:30:00+00:00,110.234375,110.28125,110.21875,110.234375,400625.0
2025-05-28 20:45:00+00:00,110.25,110.265625,110.1875,110.265625,417332.0
2025-05-28 22:00:00+00:00,110.25,110.25,110.1875,110.234375,579.0
2025-05-28 22:15:00+00:00,110.21875,110.265625,110.21875,110.25,12.0
2025-05-28 22:30:00+00:00,110.234375,110.265625,110.171875,110.265625,1322.0
2025-05-28 22:45:00+00:00,110.21875,110.25,110.1875,110.21875,1215.0
2025-05-28 23:00:00+00:00,110.09375,110.25,110.046875,110.234375,9680.0
2025-05-28 23:15:00+00:00,110.09375,110.09375,109.953125,110.09375,25089.0
2025-05-28 23:30:00+00:00,109.90625,110.125,109.875,110.0625,59842.0
2025-05-28 23:45:00+00:00,109.96875,110.0,109.875,109.921875,73797.0
2025-05-29 00:00:00+00:00,109.953125,110.0,109.890625,109.984375,12011.0
2025-05-29 00:15:00+00:00,109.9375,109.984375,109.859375,109.953125,104205.0
2025-05-29 00:30:00+00:00,109.90625,109.984375,109.90625,109.9375,108075.0
2025-05-29 00:45:00+00:00,109.953125,109.984375,109.890625,109.90625,116869.0
2025-05-29 01:00:00+00:00,109.984375,110.046875,109.921875,109.96875,123831.0
2025-05-29 01:15:00+00:00,110.0,110.046875,109.984375,110.03125,128847.0
2025-05-29 01:30:00+00:00,110.046875,110.078125,110.0,110.0,141501.0
2025-05-29 01:45:00+00:00,110.0625,110.078125,110.015625,110.046875,144262.0
2025-05-29 02:00:00+00:00,110.046875,110.078125,110.015625,110.078125,3615.0
2025-05-29 02:15:00+00:00,110.09375,110.09375,110.015625,110.0625,153884.0
2025-05-29 02:30:00+00:00,110.078125,110.109375,110.0625,110.09375,2863.0
2025-05-29 02:45:00+00:00,110.0625,110.109375,110.046875,110.0625,4268.0
2025-05-29 03:00:00+00:00,110.0625,110.09375,110.015625,110.078125,6021.0
2025-05-29 03:15:00+00:00,110.046875,110.0625,110.0,110.0625,2933.0
2025-05-29 03:30:00+00:00,110.015625,110.0625,110.0,110.046875,699.0
2025-05-29 03:45:00+00:00,110.046875,110.0625,110.015625,110.046875,172058.0
2025-05-29 04:00:00+00:00,110.046875,110.0625,110.0,110.046875,2275.0
2025-05-29 04:15:00+00:00,110.015625,110.0625,110.015625,110.0625,388.0
2025-05-29 04:30:00+00:00,110.03125,110.0625,110.015625,110.046875,177080.0
2025-05-29 04:45:00+00:00,110.015625,110.03125,110.0,110.015625,178011.0
2025-05-29 05:00:00+00:00,110.0625,110.0625,110.0,110.03125,4637.0
2025-05-29 05:15:00+00:00,110.015625,110.0625,110.015625,110.0625,1694.0
2025-05-29 05:30:00+00:00,110.015625,110.046875,109.984375,110.0,188409.0
2025-05-29 05:45:00+00:00,109.90625,110.015625,109.875,110.015625,14256.0
2025-05-29 06:00:00+00:00,109.890625,109.921875,109.875,109.90625,10926.0
2025-05-29 06:15:00+00:00,109.890625,109.921875,109.84375,109.890625,224450.0
2025-05-29 06:30:00+00:00,109.921875,109.9375,109.84375,109.859375,14639.0
2025-05-29 06:45:00+00:00,109.90625,109.953125,109.875,109.921875,9415.0
2025-05-29 07:00:00+00:00,109.9375,109.953125,109.859375,109.90625,13411.0
2025-05-29 07:15:00+00:00,109.921875,109.96875,109.90625,109.9375,10110.0
2025-05-29 07:30:00+00:00,109.9375,109.953125,109.890625,109.953125,280566.0
2025-05-29 07:45:00+00:00,109.90625,109.9375,109.859375,109.90625,11447.0
2025-05-29 08:00:00+00:00,109.953125,109.953125,109.875,109.875,15374.0
2025-05-29 08:15:00+00:00,109.96875,109.984375,109.921875,109.953125,317923.0
2025-05-29 08:30:00+00:00,109.9375,109.984375,109.9375,109.953125,3015.0
2025-05-29 08:45:00+00:00,109.90625,109.96875,109.875,109.953125,646791.0
2025-05-29 09:00:00+00:00,109.90625,109.9375,109.890625,109.890625,5437.0
2025-05-29 09:15:00+00:00,109.9375,109.96875,109.890625,109.90625,337867.0
2025-05-29 09:30:00+00:00,109.890625,109.9375,109.859375,109.9375,10727.0
2025-05-29 09:45:00+00:00,109.8125,109.890625,109.796875,109.875,2237.0
2025-05-29 10:00:00+00:00,109.84375,109.859375,109.8125,109.8125,373469.0
2025-05-29 10:15:00+00:00,109.890625,109.90625,109.859375,109.89099884033203,14148.0
2025-05-29 10:30:00+00:00,109.875,109.90625,109.84375,109.875,11806.0
2025-05-29 10:45:00+00:00,109.953125,109.96875,109.875,109.890625,413417.0
2025-05-29 11:00:00+00:00,109.96875,109.984375,109.921875,109.953125,424369.0
2025-05-29 11:15:00+00:00,109.9375,109.96875,109.890625,109.96875,20756.0
2025-05-29 11:30:00+00:00,110.0,110.015625,109.921875,109.9375,467942.0
2025-05-29 11:45:00+00:00,110.03125,110.078125,110.0,110.015625,500093.0
2025-05-29 12:00:00+00:00,110.078125,110.09375,110.015625,110.046875,39546.0
2025-05-29 12:15:00+00:00,110.078125,110.125,110.046875,110.09375,585509.0
2025-05-29 12:30:00+00:00,110.265625,110.3125,110.046875,110.09375,104778.0
2025-05-29 12:45:00+00:00,110.328125,110.359375,110.203125,110.21875,56362.0
2025-05-29 13:00:00+00:00,110.40625,110.4375,110.3125,110.34375,783009.0
2025-05-29 13:15:00+00:00,110.46875,110.46875,110.34375,110.40625,85232.0
2025-05-29 13:30:00+00:00,110.4375,110.5,110.390625,110.46875,55229.0
2025-05-29 13:45:00+00:00,110.5625,110.609375,110.4375,110.484375,1033158.0
2025-05-29 14:00:00+00:00,110.5,110.578125,110.453125,110.5625,71752.0
2025-05-29 14:15:00+00:00,110.484375,110.5625,110.4375,110.515625,37309.0
2025-05-29 14:30:00+00:00,110.484375,110.5,110.40625,110.4375,48390.0
2025-05-29 14:45:00+00:00,110.484375,110.5,110.453125,110.484375,32175.0
2025-05-29 15:00:00+00:00,110.59375,110.59375,110.46875,110.484375,59087.0
2025-05-29 15:15:00+00:00,110.609375,110.609375,110.5625,110.578125,38923.0
2025-05-29 15:30:00+00:00,110.609375,110.640625,110.578125,110.609375,46403.0
2025-05-29 15:45:00+00:00,110.640625,110.65625,110.578125,110.609375,47574.0
2025-05-29 16:00:00+00:00,110.59375,110.65625,110.578125,110.640625,53590.0
2025-05-29 16:15:00+00:00,110.625,110.640625,110.59375,110.59375,38599.0
2025-05-29 16:30:00+00:00,110.625,110.640625,110.59375,110.609375,29521.0
2025-05-29 16:45:00+00:00,110.59375,110.65625,110.5625,110.625,61200.0
2025-05-29 17:00:00+00:00,110.65625,110.734375,110.578125,110.59375,97968.0
2025-05-29 17:15:00+00:00,110.640625,110.6875,110.609375,110.671875,44851.0
2025-05-29 17:30:00+00:00,110.6875,110.703125,110.625,110.625,31209.0
2025-05-29 17:45:00+00:00,110.703125,110.703125,110.65625,110.703125,29398.0
2025-05-29 18:00:00+00:00,110.625,110.703125,110.609375,110.703125,26955.0
2025-05-29 18:15:00+00:00,110.640625,110.65625,110.609375,110.640625,34276.0
2025-05-29 18:30:00+00:00,110.6875,110.703125,110.625,110.640625,22393.0
2025-05-29 18:45:00+00:00,110.703125,110.71875,110.671875,110.6875,94569.0
2025-05-29 19:00:00+00:00,110.625,110.703125,110.609375,110.6875,49361.0
2025-05-29 19:15:00+00:00,110.640625,110.671875,110.625,110.640625,21223.0
2025-05-29 19:30:00+00:00,110.65625,110.671875,110.625,110.640625,20092.0
2025-05-29 19:45:00+00:00,110.625,110.671875,110.609375,110.640625,45755.0
2025-05-29 20:00:00+00:00,110.625,110.65625,110.609375,110.640625,33927.0
2025-05-29 20:15:00+00:00,110.65625,110.671875,110.609375,110.609375,16102.0
2025-05-29 20:30:00+00:00,110.671875,110.671875,110.640625,110.671875,16805.0
2025-05-29 20:45:00+00:00,110.6875,110.703125,110.65625,110.671875,7732.0
2025-05-29 22:00:00+00:00,110.6875,110.6875,110.671875,110.671875,2558.0
2025-05-29 22:15:00+00:00,110.671875,110.703125,110.671875,110.6875,784.0
2025-05-29 22:30:00+00:00,110.703125,110.703125,110.671875,110.6875,826.0
2025-05-29 22:45:00+00:00,110.703125,110.71875,110.703125,110.703125,1207.0
2025-05-29 23:00:00+00:00,110.6875,110.71875,110.6875,110.6875,2123.0
2025-05-29 23:15:00+00:00,110.6875,110.703125,110.671875,110.6875,517.0
2025-05-29 23:30:00+00:00,110.703125,110.71875,110.671875,110.6875,2214.0
2025-05-29 23:45:00+00:00,110.671875,110.71875,110.65625,110.703125,2899.0
2025-05-30 00:00:00+00:00,110.640625,110.671875,110.640625,110.65625,3720.0
2025-05-30 00:15:00+00:00,110.625,110.671875,110.625,110.65625,4026.0
2025-05-30 00:30:00+00:00,110.625,110.640625,110.609375,110.625,2950.0
2025-05-30 00:45:00+00:00,110.609375,110.65625,110.609375,110.609375,3624.0
2025-05-30 01:00:00+00:00,110.65625,110.6875,110.609375,110.609375,11121.0
2025-05-30 01:15:00+00:00,110.671875,110.703125,110.65625,110.65625,5813.0
2025-05-30 01:30:00+00:00,110.640625,110.703125,110.640625,110.671875,4361.0
2025-05-30 01:45:00+00:00,110.6875,110.6875,110.640625,110.640625,3532.0
2025-05-30 02:00:00+00:00,110.671875,110.703125,110.671875,110.6875,3634.0
2025-05-30 02:15:00+00:00,110.71875,110.71875,110.671875,110.671875,3923.0
2025-05-30 02:30:00+00:00,110.71875,110.734375,110.703125,110.71875,2872.0
2025-05-30 02:45:00+00:00,110.6875,110.734375,110.671875,110.71875,3228.0
2025-05-30 03:00:00+00:00,110.6875,110.703125,110.6875,110.6875,635.0
2025-05-30 04:00:00+00:00,110.671875,110.703125,110.671875,110.6875,1579.0
2025-05-30 04:15:00+00:00,110.65625,110.671875,110.65625,110.671875,2841.0
2025-05-30 04:30:00+00:00,110.671875,110.671875,110.640625,110.671875,2344.0
2025-05-30 04:45:00+00:00,110.671875,110.671875,110.640625,110.65625,1549.0
2025-05-30 05:00:00+00:00,110.640625,110.65625,110.640625,110.65625,2255.0
